Reading,Currency,Max,Min,Mean,Vol,FD
1,AUD_USD,1.50382,0.6648,0.7629752,0.83902,0
2,AUD_USD,1.5038837,0.664895,0.7885847,0.8389887,4555.484478
3,AUD_USD,1.5043136,0.664735,0.7653248,0.8395786,3623.246233
4,AUD_USD,1.50357,0.665,0.7729236,0.83857,3566.786315
5,AUD_USD,1.49983,0.6667,0.782608,0.83313,4213.027979
6,AUD_USD,1.50019,0.666545,0.7709444,0.833645,3929.730281
7,AUD_USD,1.5004764,0.666445,0.7500321,0.8340314,3080.219762
8,AUD_USD,1.49998,0.666695,0.7780134,0.833285,3465.801016
9,AUD_USD,1.4989,0.6671,0.7736601,0.8318,3563.356576
10,AUD_USD,1.49762,0.6676,0.7647438,0.83002,3711.958748
11,AUD_USD,1.4972302,0.668,0.794762,0.8292302,4232.841496
12,AUD_USD,1.49653,0.668195,0.785685,0.828335,4143.251221
13,AUD_USD,1.4959646,0.668395,0.7536504,0.8275696,2827.55674
14,AUD_USD,1.4958864,0.6685,0.75146,0.8273864,3016.728339
15,AUD_USD,1.4948912,0.6689,0.7655295,0.8259912,3496.405289
16,AUD_USD,1.49559,0.668535,0.7537715,0.827055,3206.55821
17,AUD_USD,1.49581,0.6685,0.7652801,0.82731,3394.132792
18,AUD_USD,1.4960317,0.6684,0.769778,0.8276317,3675.547952
19,AUD_USD,1.4967259,0.6681,0.7925266,0.8286259,4565.38952
20,AUD_USD,1.4961213,0.6683,0.7535781,0.8278213,2937.832114
21,AUD_USD,1.4965019,0.6681,0.7649975,0.8284019,3295.501857
22,AUD_USD,1.49704,0.667975,0.785669,0.829065,3810.316441
23,AUD_USD,1.49626,0.668325,0.7880422,0.827935,4098.147801
24,AUD_USD,1.4969276,0.667975,0.7879709,0.8289526,4140.164347
25,AUD_USD,1.4973311,0.667855,0.7717373,0.8294761,3573.339847
26,AUD_USD,1.497488,0.667785,0.7785208,0.829703,3478.353097
27,AUD_USD,1.4972302,0.6679,0.762467,0.8293302,3244.787179
28,AUD_USD,1.49675,0.668095,0.7833279,0.828655,3953.394356
29,AUD_USD,1.49599,0.6683,0.7904753,0.82769,3958.0036
30,AUD_USD,1.4954724,0.6686,0.7446344,0.8268724,2924.272234
31,AUD_USD,1.49495,0.6689,0.7333448,0.82605,2643.907754
32,AUD_USD,1.49455,0.6691,0.7357324,0.82545,2456.841723
33,AUD_USD,1.4943217,0.6691,0.7494818,0.8252217,3024.641742
34,AUD_USD,1.49455,0.6691,0.7540277,0.82545,3401.780847
35,AUD_USD,1.49475,0.669,0.735645,0.82575,2550.408719
36,AUD_USD,1.4947685,0.669,0.7356229,0.8257685,2644.809048
37,AUD_USD,1.498124,0.6665,0.7378534,0.831624,2719.979221
38,AUD_USD,1.496782,0.667185,0.730587,0.829597,2444.560431
39,AUD_USD,1.49585,0.6684,0.7398637,0.82745,2755.453502
40,AUD_USD,1.49615,0.6684,0.7466832,0.82775,3015.403201
41,AUD_USD,1.49589,0.6684,0.7375587,0.82749,2545.045862
42,AUD_USD,1.495439,0.6686,0.7675737,0.826839,3018.725532
43,AUD_USD,1.495225,0.6687,0.7377449,0.826525,2642.388313
44,AUD_USD,1.4955,0.66733,0.7353377,0.82817,2542.956156
45,AUD_USD,1.4961103,0.6684,0.7422413,0.8277103,2827.076092
46,AUD_USD,1.49525,0.668835,0.7218069,0.826415,2123.630379
47,AUD_USD,1.49545,0.6687,0.7446337,0.82675,2830.359843
48,AUD_USD,1.4947685,0.669,0.7493645,0.8257685,3117.096377
49,AUD_USD,1.494947,0.6689,0.7286891,0.826047,2455.066116
50,AUD_USD,1.495439,0.6687,0.7354359,0.826739,2358.664585
51,AUD_USD,1.49496,0.6688,0.7378315,0.82616,2643.555728
52,AUD_USD,1.49545,0.6687,0.7469437,0.82675,2971.877835
53,AUD_USD,1.4958975,0.6684,0.7422396,0.8274975,2874.933157
54,AUD_USD,1.495439,0.6687,0.7653934,0.826739,3443.650294
55,AUD_USD,1.49422,0.6692,0.7426701,0.82502,2836.294878
56,AUD_USD,1.4939309,0.669375,0.7381878,0.8245559,2743.294906
57,AUD_USD,1.494,0.6693,0.7427411,0.8247,2742.815569
58,AUD_USD,1.4938863,0.6692,0.7405453,0.8246863,2553.698297
59,AUD_USD,1.493206,0.6697,0.7269851,0.823506,2273.207481
60,AUD_USD,1.49353,0.669485,0.7543459,0.824045,3312.925872
61,AUD_USD,1.49385,0.669395,0.7361483,0.824455,2554.414735
62,AUD_USD,1.49244,0.6699,0.7615685,0.82254,3318.987526
63,AUD_USD,1.49295,0.669555,0.7250448,0.823395,2178.78418
64,AUD_USD,1.4945114,0.669095,0.74048,0.8254164,2645.937251
65,AUD_USD,1.4942434,0.6692,0.747305,0.8250434,2930.754915
66,AUD_USD,1.4940425,0.6693,0.7338249,0.8247425,2648.099255
67,AUD_USD,1.4927602,0.669945,0.7479984,0.8228152,2654.301962
68,AUD_USD,1.4919,0.6702,0.7525261,0.8217,3227.455276
69,AUD_USD,1.4921253,0.6701,0.7479803,0.8220253,3021.804803
70,AUD_USD,1.49144,0.670435,0.7230598,0.821005,2042.618498
71,AUD_USD,1.4916469,0.6704,0.7368702,0.8212469,2754.348296
72,AUD_USD,1.4914245,0.6705,0.7391802,0.8209245,2850.444834
73,AUD_USD,1.4912,0.6706,0.7232243,0.8206,2186.205216
74,AUD_USD,1.49145,0.6705,0.7460309,0.82095,2992.874109
75,AUD_USD,1.49124,0.6705,0.734673,0.82074,2280.868485
76,AUD_USD,1.49219,0.670135,0.7502692,0.822055,2893.966949
77,AUD_USD,1.4916469,0.6703,0.7458227,0.8213469,2374.149096
78,AUD_USD,1.4914577,0.670475,0.7186649,0.8209827,1995.169935
79,AUD_USD,1.49035,0.671,0.7440182,0.81935,2570.33014
80,AUD_USD,1.4889482,0.671555,0.7445566,0.8173932,2815.046663
81,AUD_USD,1.4896358,0.6712,0.7488421,0.8184358,2906.764342
82,AUD_USD,1.49044,0.6709,0.7371577,0.81954,2569.734241
83,AUD_USD,1.4907462,0.6707,0.7710815,0.8200462,3614.430504
84,AUD_USD,1.4913464,0.6705,0.7458903,0.8208464,2850.716041
85,AUD_USD,1.4916469,0.6704,0.7503793,0.8212469,3039.280879
86,AUD_USD,1.4914245,0.6704,0.7458171,0.8210245,3040.104163
87,AUD_USD,1.49217,0.670145,0.7320591,0.822025,2561.965877
88,AUD_USD,1.492593,0.67,0.7455915,0.822593,2954.073278
89,AUD_USD,1.49242,0.67,0.7661749,0.82242,3698.840009
90,AUD_USD,1.4920921,0.670285,0.7571191,0.8218071,3606.685803
91,AUD_USD,1.4915689,0.6703,0.7094029,0.8212689,1519.599732
92,AUD_USD,1.49213,0.6701,0.7364868,0.82203,2277.28915
93,AUD_USD,1.49211,0.6701,0.736498,0.82201,2372.233914
94,AUD_USD,1.4917024,0.6703,0.7435021,0.8214024,2658.867323
95,AUD_USD,1.4916469,0.6704,0.7366811,0.8212469,2659.370769
96,AUD_USD,1.4914245,0.6705,0.7322451,0.8209245,2185.341039
97,AUD_USD,1.491013,0.6706,0.7482756,0.820413,2710.829789
98,AUD_USD,1.49235,0.6701,0.7525022,0.82225,2845.849802
99,AUD_USD,1.49211,0.670155,0.7593095,0.821955,3352.981611
100,AUD_USD,1.49255,0.67,0.743362,0.82255,2749.984803
1,EUR_USD,1.03285,0.9681945,1.0207534,0.0646555,0
2,EUR_USD,1.03305,0.968025,1.0220035,0.065025,56378.31603
3,EUR_USD,1.03305,0.9680075,1.0229698,0.0650425,48460.6219
4,EUR_USD,1.03472,0.96655,1.0213987,0.06817,58442.12997
5,EUR_USD,1.03525,0.966095,1.0239675,0.069155,57841.08163
6,EUR_USD,1.034675,0.966525,1.0203799,0.06815,70388.84813
7,EUR_USD,1.034265,0.966925,1.0231072,0.06734,56043.95604
8,EUR_USD,1.0349,0.96625,1.0206067,0.06865,65360.5244
9,EUR_USD,1.03541,0.96575,1.0234745,0.06966,51536.03216
10,EUR_USD,1.03565,0.965645,1.0219234,0.070005,57195.91458
11,EUR_USD,1.03545,0.965805,1.0227388,0.069645,46521.64549
12,EUR_USD,1.03555,0.96575,1.0232149,0.0698,54756.44699
13,EUR_USD,1.03655,0.964755,1.022302,0.071795,52357.4065
14,EUR_USD,1.036805,0.964505,1.0219421,0.0723,60580.91286
15,EUR_USD,1.03697,0.9643665,1.0256387,0.0726035,48344.77677
16,EUR_USD,1.036795,0.964545,1.0236147,0.07225,53993.07958
17,EUR_USD,1.03705,0.964425,1.024212,0.072625,56950.08606
18,EUR_USD,1.03695,0.96445,1.0248856,0.0725,48772.41379
19,EUR_USD,1.03665,0.96465,1.0249785,0.072,43194.44444
20,EUR_USD,1.03675,0.96465,1.0239058,0.0721,58418.86269
21,EUR_USD,1.03659,0.96465,1.0226072,0.07194,60633.86155
22,EUR_USD,1.036675,0.964625,1.0244769,0.07205,51380.98543
23,EUR_USD,1.03675,0.964635,1.0246778,0.072115,51209.87312
24,EUR_USD,1.03677,0.964535,1.0217155,0.072235,59624.83561
25,EUR_USD,1.03665,0.9646455,1.0243449,0.0720045,48177.54446
26,EUR_USD,1.03635,0.965018,1.0228163,0.071332,55402.90473
27,EUR_USD,1.03645,0.964832,1.0221358,0.071618,55544.69547
28,EUR_USD,1.03635,0.965018,1.0219375,0.071332,60197.38687
29,EUR_USD,1.03685,0.96435,1.023384,0.0725,54758.62069
30,EUR_USD,1.03705,0.96435,1.0238169,0.0727,61155.43329
31,EUR_USD,1.03705,0.96425,1.0244619,0.0728,53035.71429
32,EUR_USD,1.03715,0.96435,1.0249457,0.0728,48186.81319
33,EUR_USD,1.03695,0.96435,1.0226207,0.0726,55867.7686
34,EUR_USD,1.03675,0.96445,1.0242981,0.0723,46279.39142
35,EUR_USD,1.03685,0.96445,1.0237522,0.0724,52665.74586
36,EUR_USD,1.03705,0.96425,1.0241902,0.0728,55178.57143
37,EUR_USD,1.03685,0.96445,1.0231371,0.0724,55110.49724
38,EUR_USD,1.03655,0.96475,1.0226478,0.0718,57576.60167
39,EUR_USD,1.03675,0.96475,1.0253008,0.072,48750
40,EUR_USD,1.03655,0.96485,1.0233571,0.0717,56052.99861
41,EUR_USD,1.03645,0.964885,1.023072,0.071565,52316.07629
42,EUR_USD,1.03655,0.96484,1.0174675,0.07171,69613.72194
43,EUR_USD,1.03665,0.96465,1.0243133,0.072,50916.66667
44,EUR_USD,1.03665,0.96465,1.0242328,0.072,56250
45,EUR_USD,1.03665,0.96465,1.0197935,0.072,69652.77778
46,EUR_USD,1.03675,0.964625,1.0254534,0.072125,49746.96707
47,EUR_USD,1.03665,0.96455,1.0231416,0.0721,53550.62413
48,EUR_USD,1.03665,0.964745,1.0232565,0.071905,55322.99562
49,EUR_USD,1.03655,0.96485,1.0246159,0.0717,55481.17155
50,EUR_USD,1.03635,0.96495,1.024196,0.0714,56806.72269
51,EUR_USD,1.03645,0.96475,1.0226823,0.0717,64184.10042
52,EUR_USD,1.03645,0.96485,1.0211832,0.0716,60460.89385
53,EUR_USD,1.03615,0.9652,1.0123819,0.07095,90147.99154
54,EUR_USD,1.03655,0.96475,1.0188066,0.0718,73871.8663
55,EUR_USD,1.036865,0.96445,1.0187923,0.072415,77773.94186
56,EUR_USD,1.03725,0.96405,1.0210298,0.0732,65491.80328
57,EUR_USD,1.03715,0.96425,1.0209356,0.0729,61015.08916
58,EUR_USD,1.03734,0.964025,1.0242662,0.073315,57750.80134
59,EUR_USD,1.03745,0.963985,1.0228067,0.073465,61525.89669
60,EUR_USD,1.03725,0.96405,1.0208861,0.0732,63852.45902
61,EUR_USD,1.03777,0.963695,1.0223459,0.074075,62463.7192
62,EUR_USD,1.03785,0.9636,1.021096,0.07425,65683.50168
63,EUR_USD,1.037745,0.96365,1.0213356,0.074095,63081.17957
64,EUR_USD,1.03735,0.96405,1.0219955,0.0733,62210.0955
65,EUR_USD,1.03695,0.964505,1.0224207,0.072445,63137.55263
66,EUR_USD,1.036965,0.964355,1.0190474,0.07261,65968.87481
67,EUR_USD,1.03755,0.96375,1.0199768,0.0738,66842.81843
68,EUR_USD,1.03765,0.963825,1.0217953,0.073825,63393.1595
69,EUR_USD,1.03765,0.9638,1.0203834,0.07385,71821.25931
70,EUR_USD,1.03785,0.96355,1.0238076,0.0743,60363.39166
71,EUR_USD,1.03755,0.9638,1.0206726,0.07375,55525.42373
72,EUR_USD,1.03755,0.964,1.0232236,0.07355,59483.34466
73,EUR_USD,1.03713,0.96425,1.0219411,0.07288,64489.5719
74,EUR_USD,1.037355,0.964015,1.0212359,0.07334,65939.46005
75,EUR_USD,1.03735,0.964025,1.0219602,0.073325,61697.92022
76,EUR_USD,1.03725,0.96405,1.0208833,0.0732,63934.42623
77,EUR_USD,1.03725,0.96415,1.0222199,0.0731,62954.85636
78,EUR_USD,1.03725,0.96415,1.023496,0.0731,61887.8249
79,EUR_USD,1.03795,0.96362,1.0230537,0.07433,62962.46468
80,EUR_USD,1.03909,0.96253,1.0254016,0.07656,54088.29676
81,EUR_USD,1.03865,0.96275,1.0237559,0.0759,56073.78129
82,EUR_USD,1.03845,0.96305,1.0214474,0.0754,66021.22016
83,EUR_USD,1.03805,0.96335,1.0234291,0.0747,57483.2664
84,EUR_USD,1.03795,0.96345,1.0194123,0.0745,69691.27517
85,EUR_USD,1.03775,0.96365,1.0221269,0.0741,63076.92308
86,EUR_USD,1.03745,0.9639,1.0229669,0.07355,55676.41061
87,EUR_USD,1.03735,0.9639,1.0230874,0.07345,54976.17427
88,EUR_USD,1.03665,0.9646455,1.0216861,0.0720045,64912.60963
89,EUR_USD,1.03675,0.964585,1.0217821,0.072165,64851.38225
90,EUR_USD,1.03695,0.964415,1.0212527,0.072535,64520.57627
91,EUR_USD,1.03705,0.9642735,1.0231168,0.0727765,55196.38894
92,EUR_USD,1.03685,0.96455,1.0210065,0.0723,63651.45228
93,EUR_USD,1.03685,0.9644595,1.0229512,0.0723905,57258.89447
94,EUR_USD,1.03672,0.964625,1.0205604,0.072095,68160.06658
95,EUR_USD,1.03695,0.96435,1.0216737,0.0726,62286.50138
96,EUR_USD,1.03735,0.964155,1.0211834,0.073195,65004.44019
97,EUR_USD,1.03745,0.9639945,1.0245181,0.0734555,57313.61164
98,EUR_USD,1.03685,0.96445,1.0228427,0.0724,58784.53039
99,EUR_USD,1.03695,0.96445,1.0220057,0.0725,59655.17241
100,EUR_USD,1.03705,0.96425,1.0197028,0.0728,76607.14286
1,GBP_EUR,1.14085,1.14005,1.1404892,0.0008,0
2,GBP_EUR,1.1414,1.14041,1.1409153,0.00099,596969.697
3,GBP_EUR,1.14216,1.14127,1.1417874,0.00089,520224.7191
4,GBP_EUR,1.1429,1.14166,1.142193,0.00124,470161.2903
5,GBP_EUR,1.14347,1.1423,1.1429749,0.00117,376923.0769
6,GBP_EUR,1.14372,1.1431,1.1433846,0.00062,603225.8065
7,GBP_EUR,1.1436,1.14311,1.1433983,0.00049,1428571.429
8,GBP_EUR,1.14359,1.14282,1.1432217,0.00077,1250649.351
9,GBP_EUR,1.1434,1.14287,1.1431327,0.00053,1000000
10,GBP_EUR,1.1439,1.143,1.14356,0.0009,1015555.556
11,GBP_EUR,1.14401,1.14345,1.1437014,0.00056,801785.7143
12,GBP_EUR,1.14405,1.1436,1.1438332,0.00045,1760000
13,GBP_EUR,1.14398,1.1434,1.1436494,0.00058,1775862.069
14,GBP_EUR,1.14453,1.1438,1.1441083,0.00073,920547.9452
15,GBP_EUR,1.1444,1.1437,1.1440707,0.0007,845714.2857
16,GBP_EUR,1.1443,1.1436,1.1439273,0.0007,864285.7143
17,GBP_EUR,1.14394,1.1434,1.1436701,0.00054,883333.3333
18,GBP_EUR,1.1438,1.1432,1.1434815,0.0006,1088333.333
19,GBP_EUR,1.1436,1.14319,1.1433503,0.00041,1719512.195
20,GBP_EUR,1.14356,1.14296,1.1431789,0.0006,1700000
21,GBP_EUR,1.1439,1.1429,1.143358,0.001,664000
22,GBP_EUR,1.144,1.1433,1.1435761,0.0007,648571.4286
23,GBP_EUR,1.14365,1.1432,1.1434295,0.00045,1297777.778
24,GBP_EUR,1.1439,1.1432,1.1435089,0.0007,1407142.857
25,GBP_EUR,1.1438,1.1433,1.1435588,0.0005,790000
26,GBP_EUR,1.1439,1.1435,1.1436954,0.0004,1192500
27,GBP_EUR,1.1439,1.1435,1.143697,0.0004,1697500
28,GBP_EUR,1.1442,1.1436,1.1439637,0.0006,1551666.667
29,GBP_EUR,1.1444,1.1438,1.1440913,0.0006,841666.6667
30,GBP_EUR,1.1443,1.1439,1.1441295,0.0004,1280000
31,GBP_EUR,1.1445,1.1441,1.1443295,0.0004,1687500
32,GBP_EUR,1.1446,1.1441,1.1443281,0.0005,1476000
33,GBP_EUR,1.1445,1.1441,1.1442709,0.0004,1477500
34,GBP_EUR,1.1446,1.1441,1.144324,0.0005,1208000
35,GBP_EUR,1.1445,1.1441,1.1443063,0.0004,1515000
36,GBP_EUR,1.1448,1.1442,1.1444954,0.0006,1453333.333
37,GBP_EUR,1.14501,1.144595,1.1447547,0.000415,1665060.241
38,GBP_EUR,1.1453,1.144215,1.1448862,0.001085,1608294.931
39,GBP_EUR,1.1455,1.14448,1.1449673,0.00102,572549.0196
40,GBP_EUR,1.1451,1.1445,1.144926,0.0006,591666.6667
41,GBP_EUR,1.14512,1.14477,1.1449462,0.00035,1548571.429
42,GBP_EUR,1.1451,1.1447,1.1449066,0.0004,3207500
43,GBP_EUR,1.145,1.1444,1.1448,0.0006,1885000
44,GBP_EUR,1.145,1.1446,1.144776,0.0004,1147500
45,GBP_EUR,1.1449,1.1443,1.1445457,0.0006,1403333.333
46,GBP_EUR,1.14484,1.1443,1.1445696,0.00054,1433333.333
47,GBP_EUR,1.1446,1.1442,1.1444308,0.0004,2087500
48,GBP_EUR,1.1449,1.1443,1.1445823,0.0006,1326666.667
49,GBP_EUR,1.1449,1.1445,1.144719,0.0004,1200000
50,GBP_EUR,1.1448,1.144465,1.144647,0.000335,1835820.896
51,GBP_EUR,1.1447,1.1443,1.1445353,0.0004,1872500
52,GBP_EUR,1.1448,1.1444,1.1445726,0.0004,1602500
53,GBP_EUR,1.1451,1.1446,1.1449283,0.0005,1550000
54,GBP_EUR,1.1455,1.1449,1.1451991,0.0006,908333.3333
55,GBP_EUR,1.14636,1.14529,1.1456766,0.00107,676635.514
56,GBP_EUR,1.146335,1.14536,1.1457457,0.000975,297435.8974
57,GBP_EUR,1.1459,1.1453,1.1455518,0.0006,678333.3333
58,GBP_EUR,1.146,1.1454,1.14583,0.0006,930000
59,GBP_EUR,1.14678,1.1458,1.1463262,0.00098,402040.8163
60,GBP_EUR,1.1467,1.146265,1.146495,0.000435,604597.7011
61,GBP_EUR,1.146635,1.14616,1.146413,0.000475,1597894.737
62,GBP_EUR,1.1471,1.1463,1.1466629,0.0008,973750
63,GBP_EUR,1.14701,1.1466,1.1468251,0.00041,921951.2195
64,GBP_EUR,1.14702,1.1467,1.1468876,0.00032,2184375
65,GBP_EUR,1.146905,1.1466,1.14676,0.000305,2459016.393
66,GBP_EUR,1.1468,1.1464,1.1466107,0.0004,2435000
67,GBP_EUR,1.14721,1.1464,1.1468253,0.00081,1209876.543
68,GBP_EUR,1.1474,1.146485,1.1468744,0.000915,446994.5355
69,GBP_EUR,1.14687,1.1465,1.1466869,0.00037,840540.5405
70,GBP_EUR,1.14703,1.1465,1.1468314,0.00053,1579245.283
71,GBP_EUR,1.1472,1.1467,1.1469032,0.0005,1364000
72,GBP_EUR,1.1473,1.1468,1.1470693,0.0005,1130000
73,GBP_EUR,1.14836,1.147,1.1475068,0.00136,819852.9412
74,GBP_EUR,1.1479,1.147225,1.1475445,0.000675,308148.1481
75,GBP_EUR,1.14759,1.147,1.1472523,0.00059,893220.339
76,GBP_EUR,1.1478,1.147,1.1474175,0.0008,725000
77,GBP_EUR,1.1479,1.1475,1.1476471,0.0004,877500
78,GBP_EUR,1.1484,1.1476,1.1480555,0.0008,1171250
79,GBP_EUR,1.14827,1.1479,1.1480904,0.00037,886486.4865
80,GBP_EUR,1.1484,1.14779,1.1480531,0.00061,1877049.18
81,GBP_EUR,1.1481,1.1475,1.1478176,0.0006,900000
82,GBP_EUR,1.14825,1.1478,1.1480616,0.00045,1184444.444
83,GBP_EUR,1.1483,1.1479,1.1481422,0.0004,1567500
84,GBP_EUR,1.1484,1.1479,1.1481,0.0005,1562000
85,GBP_EUR,1.1481,1.1477,1.1478724,0.0004,1435000
86,GBP_EUR,1.148,1.1476,1.1478264,0.0004,2005000
87,GBP_EUR,1.148,1.14736,1.1477118,0.00064,1471875
88,GBP_EUR,1.1479,1.14725,1.1475112,0.00065,1024615.385
89,GBP_EUR,1.1476,1.1471,1.1473822,0.0005,864000
90,GBP_EUR,1.1476,1.1472,1.1474123,0.0004,1415000
91,GBP_EUR,1.1475,1.1471,1.147317,0.0004,1860000
92,GBP_EUR,1.1476,1.147,1.1473716,0.0006,1271666.667
93,GBP_EUR,1.1477,1.1472,1.1474726,0.0005,1060000
94,GBP_EUR,1.1478,1.1474,1.1476095,0.0004,1655000
95,GBP_EUR,1.1478,1.1474,1.1476365,0.0004,1737500
96,GBP_EUR,1.1478,1.1474,1.1476547,0.0004,2025000
97,GBP_EUR,1.148,1.14768,1.147846,0.00032,2465625
98,GBP_EUR,1.148,1.1474,1.1476372,0.0006,1270000
99,GBP_EUR,1.1477,1.1473,1.1475126,0.0004,1235000
100,GBP_EUR,1.14763,1.147,1.1472645,0.00063,1312698.413
1,USD_CAD,1.33612,0.748545,1.3062289,0.587575,0
2,USD_CAD,1.33608,0.748485,1.3038079,0.587595,2246.445256
3,USD_CAD,1.33655,0.748445,1.3182283,0.588105,1193.664397
4,USD_CAD,1.33635,0.748385,1.2978323,0.587965,2255.236281
5,USD_CAD,1.334425,0.749555,1.3115741,0.58487,1600.355635
6,USD_CAD,1.334955,0.749195,1.3162908,0.58576,1198.443048
7,USD_CAD,1.335065,0.749025,1.3068691,0.58604,1996.450754
8,USD_CAD,1.334445,0.74935,1.3016225,0.585095,2266.298635
9,USD_CAD,1.333915,0.749675,1.3092442,0.58424,1735.588114
10,USD_CAD,1.333455,0.750145,1.3116844,0.58331,1470.915979
11,USD_CAD,1.33355,0.74985,1.2983089,0.5837,2405.345212
12,USD_CAD,1.333795,0.749775,1.3024834,0.58402,2003.356049
13,USD_CAD,1.33385,0.749845,1.3090843,0.584005,1736.286504
14,USD_CAD,1.33335,0.750085,1.3094566,0.583265,1471.029463
15,USD_CAD,1.333255,0.750095,1.2967519,0.58316,2541.326566
16,USD_CAD,1.33355,0.749995,1.30926,0.583555,1737.625417
17,USD_CAD,1.33325,0.750095,1.3054553,0.583155,2006.327649
18,USD_CAD,1.333605,0.749865,1.3091556,0.58374,1603.453592
19,USD_CAD,1.33395,0.749645,1.3079711,0.584305,1868.886968
20,USD_CAD,1.333465,0.750005,1.3015979,0.58346,2138.964111
21,USD_CAD,1.33315,0.75015,1.3053574,0.583,2006.861063
22,USD_CAD,1.33345,0.75,1.3177496,0.58345,1069.500386
23,USD_CAD,1.33332,0.750185,1.3025629,0.583135,1805.756814
24,USD_CAD,1.333755,0.749822,1.302325,0.583933,2070.443013
25,USD_CAD,1.33365,0.749955,1.3072988,0.583695,1603.577211
26,USD_CAD,1.33365,0.74985,1.3053853,0.5838,1870.503597
27,USD_CAD,1.333575,0.749905,1.3083003,0.58367,1603.645896
28,USD_CAD,1.33345,0.750035,1.3083101,0.583415,1738.042388
29,USD_CAD,1.33335,0.75005,1.3060902,0.5833,1872.106978
30,USD_CAD,1.332865,0.75025,1.2927484,0.582615,2543.703818
31,USD_CAD,1.33275,0.750365,1.2985897,0.582385,2142.912335
32,USD_CAD,1.33265,0.75045,1.3041433,0.5822,1875.644109
33,USD_CAD,1.33265,0.7504409,1.3098257,0.5822091,1607.669822
34,USD_CAD,1.33275,0.75035,1.2945511,0.5824,2678.571429
35,USD_CAD,1.33285,0.75025,1.3087355,0.5826,1606.591143
36,USD_CAD,1.33295,0.750315,1.3101848,0.582635,1472.620079
37,USD_CAD,1.33315,0.75021,1.3037446,0.58294,2073.969877
38,USD_CAD,1.33325,0.75005,1.3063302,0.5832,1760.973937
39,USD_CAD,1.33335,0.75005,1.3071009,0.5833,1872.106978
40,USD_CAD,1.33315,0.75015,1.3108416,0.583,1471.698113
41,USD_CAD,1.33315,0.750215,1.3005688,0.582935,2140.890494
42,USD_CAD,1.33295,0.75025,1.2967251,0.5827,2543.332761
43,USD_CAD,1.33295,0.75025,1.305675,0.5827,2007.894285
44,USD_CAD,1.33295,0.75025,1.3069837,0.5827,1874.034666
45,USD_CAD,1.33305,0.75025,1.3009023,0.5828,2275.223061
46,USD_CAD,1.33325,0.750145,1.3146529,0.583105,1337.666458
47,USD_CAD,1.33315,0.750175,1.3068409,0.582975,1873.15065
48,USD_CAD,1.33285,0.750272,1.3053892,0.582578,2008.314766
49,USD_CAD,1.33285,0.75025,1.290625,0.5826,2811.534501
50,USD_CAD,1.33295,0.75025,1.2851124,0.5827,3480.350094
51,USD_CAD,1.33275,0.7503283,1.3251572,0.5824217,401.7707445
52,USD_CAD,1.33265,1.33225,1.3323968,0.0004,0
53,USD_CAD,1.33295,1.33215,1.3325405,0.0008,1206250
54,USD_CAD,1.33265,1.33212,1.3323685,0.00053,824528.3019
55,USD_CAD,1.33245,1.33195,1.332203,0.0005,1196000
56,USD_CAD,1.33215,1.33168,1.3318583,0.00047,1563829.787
57,USD_CAD,1.33225,1.33175,1.3319368,0.0005,1476000
58,USD_CAD,1.33235,1.33125,1.3316123,0.0011,750909.0909
59,USD_CAD,1.33165,1.33115,1.3314312,0.0005,562000
60,USD_CAD,1.33185,1.33125,1.3315197,0.0006,965000
61,USD_CAD,1.33175,1.330835,1.3313541,0.000915,693989.071
62,USD_CAD,1.33129,1.33076,1.331015,0.00053,811320.7547
63,USD_CAD,1.331435,1.33064,1.3308614,0.000795,704402.5157
64,USD_CAD,1.33195,1.33098,1.3314337,0.00097,458762.8866
65,USD_CAD,1.33195,1.331465,1.3316826,0.000485,684536.0825
66,USD_CAD,1.331945,1.33125,1.3315979,0.000695,951079.1367
67,USD_CAD,1.33155,1.330695,1.3310628,0.000855,694736.8421
68,USD_CAD,1.33135,1.330755,1.3310975,0.000595,610084.0336
69,USD_CAD,1.33149,1.33085,1.3312279,0.00064,917187.5
70,USD_CAD,1.33125,1.33083,1.3310227,0.00042,1335714.286
71,USD_CAD,1.33145,1.33076,1.3311186,0.00069,1202898.551
72,USD_CAD,1.331695,1.331045,1.3314196,0.00065,536923.0769
73,USD_CAD,1.33195,1.331225,1.3315701,0.000725,800000
74,USD_CAD,1.33175,1.330895,1.3313067,0.000855,435087.7193
75,USD_CAD,1.33175,1.33115,1.3314215,0.0006,541666.6667
76,USD_CAD,1.3321,1.33155,1.331783,0.00055,1089090.909
77,USD_CAD,1.33185,1.331345,1.3315553,0.000505,1514851.485
78,USD_CAD,1.331715,1.3311,1.331385,0.000615,1183739.837
79,USD_CAD,1.33145,1.33092,1.331179,0.00053,830188.6792
80,USD_CAD,1.33115,1.330035,1.3305597,0.001115,673542.6009
81,USD_CAD,1.33105,1.330275,1.3305718,0.000775,295483.871
82,USD_CAD,1.33125,1.33065,1.3309288,0.0006,723333.3333
83,USD_CAD,1.33145,1.33095,1.3311423,0.0005,1024000
84,USD_CAD,1.33175,1.33115,1.3313194,0.0006,1006666.667
85,USD_CAD,1.331865,1.33145,1.3316418,0.000415,1062650.602
86,USD_CAD,1.33215,1.33155,1.3317872,0.0006,1611666.667
87,USD_CAD,1.33265,1.331585,1.3322303,0.001065,618779.3427
88,USD_CAD,1.33275,1.33225,1.3324456,0.0005,578000
89,USD_CAD,1.33265,1.33195,1.3322552,0.0007,952857.1429
90,USD_CAD,1.33255,1.33185,1.3321722,0.0007,727142.8571
91,USD_CAD,1.33215,1.33156,1.3318606,0.00059,793220.339
92,USD_CAD,1.33245,1.33188,1.3322355,0.00057,878947.3684
93,USD_CAD,1.33255,1.33195,1.3322974,0.0006,888333.3333
94,USD_CAD,1.33245,1.33195,1.3321416,0.0005,1052000
95,USD_CAD,1.33255,1.33196,1.3322244,0.00059,962711.8644
96,USD_CAD,1.33245,1.331585,1.3319793,0.000865,634682.0809
97,USD_CAD,1.332075,1.33146,1.3317954,0.000615,497560.9756
98,USD_CAD,1.33245,1.33197,1.3322243,0.00048,1237500
99,USD_CAD,1.33255,1.33208,1.3322976,0.00047,1717021.277
100,USD_CAD,1.33275,1.33202,1.3323202,0.00073,1019178.082
1,USD_CNY,7.1577,7.1571,7.1575144,0.0006,0
2,USD_CNY,7.1575,7.157,7.1573581,0.0005,746000
45,USD_CNY,7.1574,7.1565,7.1573939,0.0009,1032222.222
46,USD_CNY,7.1573,7.1569,7.1570936,0.0004,682500
55,USD_CNY,7.1573,7.1572,7.1572004,0.0001,200000
61,USD_CNY,7.1573,7.1572,7.1572005,0.0001,780000
63,USD_CNY,7.1572,7.1402,7.1570583,0.017,11764.70588
64,USD_CNY,7.1573,7.1437,7.1505394,0.0136,25441.17647
65,USD_CNY,7.15,7.1469,7.1483431,0.0031,20000
66,USD_CNY,7.155,7.1488,7.1524657,0.0062,60322.58065
67,USD_CNY,7.1548,7.1515,7.1534367,0.0033,36969.69697
68,USD_CNY,7.153,7.152,7.1524531,0.001,123000
69,USD_CNY,7.1534,7.1525,7.1531603,0.0009,302222.2222
70,USD_CNY,7.1548,7.1528,7.1535556,0.002,247000
71,USD_CNY,7.1548,7.1529,7.1538844,0.0019,103684.2105
72,USD_CNY,7.153,7.1495,7.15219,0.0035,122285.7143
73,USD_CNY,7.1497,7.1463,7.1482089,0.0034,65882.35294
74,USD_CNY,7.1471,7.1425,7.1448233,0.0046,58913.04348
75,USD_CNY,7.1447,7.1426,7.143405,0.0021,44761.90476
76,USD_CNY,7.1464,7.1442,7.1456394,0.0022,113181.8182
77,USD_CNY,7.1469,7.1453,7.1459164,0.0016,100625
78,USD_CNY,7.1457,7.1383,7.1436275,0.0074,45000
79,USD_CNY,7.13885,7.125,7.1324649,0.01385,29891.69675
80,USD_CNY,7.1264,7.1182,7.12209,0.0082,22926.82927
81,USD_CNY,7.1262,7.1195,7.1227047,0.0067,22686.56716
82,USD_CNY,7.1268,7.1254,7.126115,0.0014,60000
83,USD_CNY,7.1262,7.1253,7.1259706,0.0009,128888.8889
84,USD_CNY,7.1259,7.1252,7.1256953,0.0007,322857.1429
85,USD_CNY,7.1266,7.1256,7.1258592,0.001,214000
86,USD_CNY,7.1266,7.1259,7.1260644,0.0007,108571.4286
87,USD_CNY,7.1262,7.1257,7.1258331,0.0005,376000
88,USD_CNY,7.128,7.126,7.1271186,0.002,137500
89,USD_CNY,7.128,7.1276,7.1277906,0.0004,205000
90,USD_CNY,7.1285,7.1277,7.1281467,0.0008,785000
91,USD_CNY,7.1284,7.1274,7.1279667,0.001,347000
92,USD_CNY,7.1288,7.128,7.1282331,0.0008,140000
93,USD_CNY,7.1324,7.1287,7.1307342,0.0037,129459.4595
94,USD_CNY,7.1324,7.1285,7.1303878,0.0039,46153.84615
95,USD_CNY,7.1286,7.1256,7.1271733,0.003,65333.33333
96,USD_CNY,7.1273,7.1245,7.1263817,0.0028,61785.71429
97,USD_CNY,7.1246,7.1224,7.1231842,0.0022,106818.1818
98,USD_CNY,7.128,7.1233,7.1267069,0.0047,91702.12766
99,USD_CNY,7.1291,7.1275,7.1284325,0.0016,61875
100,USD_CNY,7.1306,7.128,7.1286269,0.0026,154615.3846
1,USD_CZK,23.636,23.621,23.6295986,0.015,0
2,USD_CZK,23.635,23.6146,23.6244239,0.0204,33284.31373
3,USD_CZK,23.641,23.6122,23.6245126,0.0288,23645.83333
4,USD_CZK,23.6319,23.576,23.6014522,0.0559,8747.763864
5,USD_CZK,23.5859,23.566,23.575171,0.0199,11708.54271
6,USD_CZK,23.599,23.56715,23.5873604,0.03185,22103.61068
7,USD_CZK,23.6074,23.5757,23.5936667,0.0317,12839.11672
8,USD_CZK,23.5968,23.574,23.5863442,0.0228,14298.24561
9,USD_CZK,23.595,23.54625,23.579906,0.04875,16923.07692
10,USD_CZK,23.59005,23.5579,23.5684168,0.03215,9175.738725
11,USD_CZK,23.5904,23.5527,23.5712818,0.0377,13687.00265
12,USD_CZK,23.58675,23.54925,23.5662357,0.0375,9866.666667
13,USD_CZK,23.5651,23.5221,23.5443997,0.043,12906.97674
14,USD_CZK,23.5607,23.5304,23.5438926,0.0303,11848.18482
15,USD_CZK,23.5489,23.5253,23.533476,0.0236,29110.16949
16,USD_CZK,23.55545,23.52635,23.5366847,0.0291,22199.31271
17,USD_CZK,23.5489,23.525,23.5350953,0.0239,19246.86192
18,USD_CZK,23.55,23.52205,23.5350889,0.02795,18103.75671
19,USD_CZK,23.556,23.53155,23.5407968,0.02445,21063.39468
20,USD_CZK,23.548,23.5185,23.5392626,0.0295,13457.62712
21,USD_CZK,23.55905,23.53345,23.5431388,0.0256,20546.875
22,USD_CZK,23.5596,23.5255,23.54191,0.0341,21935.48387
23,USD_CZK,23.5503,23.51745,23.5378303,0.03285,10197.8691
24,USD_CZK,23.5557,23.51595,23.5396236,0.03975,18465.40881
25,USD_CZK,23.5564,23.53195,23.5400882,0.02445,13783.23108
26,USD_CZK,23.55865,23.53105,23.5450194,0.0276,20615.94203
27,USD_CZK,23.5553,23.53045,23.5439711,0.02485,14768.61167
28,USD_CZK,23.55625,23.53255,23.5455903,0.0237,19578.05907
29,USD_CZK,23.5527,23.5233,23.5357547,0.0294,15884.35374
30,USD_CZK,23.5382,23.5253,23.5311314,0.0129,21705.42636
31,USD_CZK,23.533,23.51625,23.529109,0.01675,31402.98507
32,USD_CZK,23.55365,23.5238,23.5300242,0.02985,14438.86097
33,USD_CZK,23.5412,23.527,23.5309494,0.0142,17535.21127
34,USD_CZK,23.5461,23.52085,23.5351125,0.02525,27841.58416
35,USD_CZK,23.53825,23.529,23.5337436,0.00925,20000
36,USD_CZK,23.5331,23.527,23.5306651,0.0061,47704.91803
37,USD_CZK,23.55305,23.5305,23.5372254,0.02255,88026.60754
38,USD_CZK,23.5641,23.5414,23.5435407,0.0227,33303.96476
39,USD_CZK,23.5544,23.542,23.5508814,0.0124,19838.70968
40,USD_CZK,23.5549,23.546,23.5507742,0.0089,44719.10112
41,USD_CZK,23.5544,23.542,23.5487561,0.0124,77983.87097
42,USD_CZK,23.55815,23.53765,23.5452682,0.0205,57756.09756
43,USD_CZK,23.545,23.54,23.5428401,0.005,44800
44,USD_CZK,23.545,23.5401,23.5420994,0.0049,86122.44898
45,USD_CZK,23.5505,23.542,23.5449104,0.0085,131294.1176
46,USD_CZK,23.5595,23.5316,23.5442729,0.0279,38637.99283
47,USD_CZK,23.5487,23.5406,23.5445814,0.0081,16543.20988
48,USD_CZK,23.55145,23.543,23.5457583,0.00845,88639.05325
49,USD_CZK,23.5549,23.53835,23.550671,0.01655,71117.82477
50,USD_CZK,23.55685,23.55,23.5529892,0.00685,37080.29197
51,USD_CZK,23.5535,23.5489,23.5512699,0.0046,56086.95652
52,USD_CZK,23.5575,23.547,23.5516708,0.0105,78666.66667
53,USD_CZK,23.5747,23.5492,23.5587442,0.0255,44431.37255
54,USD_CZK,23.5586,23.544,23.5522756,0.0146,23835.61644
55,USD_CZK,23.55485,23.535,23.5438025,0.01985,43022.67003
56,USD_CZK,23.5452,23.529,23.5345676,0.0162,30308.64198
57,USD_CZK,23.5507,23.531,23.5384492,0.0197,35736.04061
58,USD_CZK,23.5408,23.5208,23.5335535,0.02,33750
59,USD_CZK,23.53815,23.51115,23.5281149,0.027,25851.85185
60,USD_CZK,23.5383,23.51365,23.5316603,0.02465,20081.1359
61,USD_CZK,23.5524,23.514,23.5307254,0.0384,18854.16667
62,USD_CZK,23.53875,23.50565,23.5228385,0.0331,13444.10876
63,USD_CZK,23.534,23.50235,23.5223883,0.03165,7835.703002
64,USD_CZK,23.5433,23.525,23.5352985,0.0183,15245.90164
65,USD_CZK,23.5614,23.53565,23.5420222,0.02575,23883.49515
66,USD_CZK,23.5508,23.532,23.5414871,0.0188,18138.29787
67,USD_CZK,23.542,23.5071,23.5271011,0.0349,24355.30086
68,USD_CZK,23.5349,23.519,23.5279685,0.0159,12201.25786
69,USD_CZK,23.53715,23.52085,23.5284246,0.0163,38527.60736
70,USD_CZK,23.5254,23.50435,23.5209475,0.02105,29406.17577
71,USD_CZK,23.5424,23.519,23.5250972,0.0234,21495.7265
72,USD_CZK,23.5515,23.524,23.5354103,0.0275,20836.36364
73,USD_CZK,23.5524,23.5193,23.5379737,0.0331,18338.36858
74,USD_CZK,23.5426,23.524,23.5347876,0.0186,14354.83871
75,USD_CZK,23.54075,23.524,23.5301011,0.01675,21611.9403
76,USD_CZK,23.5366,23.519,23.5323089,0.0176,24488.63636
77,USD_CZK,23.5395,23.53,23.5356182,0.0095,35263.15789
78,USD_CZK,23.5366,23.52745,23.532905,0.00915,78142.0765
79,USD_CZK,23.5321,23.514,23.5270493,0.0181,45414.36464
80,USD_CZK,23.5201,23.485,23.5024499,0.0351,20797.7208
81,USD_CZK,23.54255,23.47805,23.5016806,0.0645,6201.550388
82,USD_CZK,23.5177,23.49335,23.5086711,0.02435,12114.98973
83,USD_CZK,23.5172,23.49885,23.5131342,0.01835,19727.52044
84,USD_CZK,23.53115,23.512,23.5172963,0.01915,17754.56919
85,USD_CZK,23.5283,23.519,23.5232289,0.0093,29892.47312
86,USD_CZK,23.5334,23.5249,23.5296839,0.0085,75058.82353
87,USD_CZK,23.5496,23.5251,23.5389508,0.0245,53306.12245
88,USD_CZK,23.5586,23.53175,23.5469568,0.02685,22160.14898
89,USD_CZK,23.5512,23.537,23.5442374,0.0142,22253.52113
90,USD_CZK,23.55,23.53425,23.5420231,0.01575,48571.42857
91,USD_CZK,23.5439,23.532,23.5388349,0.0119,39327.73109
92,USD_CZK,23.5516,23.52965,23.5433117,0.02195,38405.46697
93,USD_CZK,23.55445,23.52705,23.5447074,0.0274,20182.48175
94,USD_CZK,23.5564,23.5333,23.5446615,0.0231,19653.67965
95,USD_CZK,23.5513,23.52615,23.5406507,0.02515,23141.15308
96,USD_CZK,23.5494,23.528,23.536661,0.0214,19252.33645
97,USD_CZK,23.54695,23.5168,23.5320589,0.03015,16716.41791
98,USD_CZK,23.5452,23.53225,23.541095,0.01295,28648.64865
99,USD_CZK,23.5549,23.5314,23.5425981,0.0235,42765.95745
100,USD_CZK,23.5524,23.511,23.538451,0.0414,10917.8744
1,USD_INR,81.7985,81.75115,81.7811135,0.04735,0
2,USD_INR,81.78205,81.71655,81.7587063,0.0655,21954.19847
3,USD_INR,81.75205,81.71125,81.7366342,0.0408,24485.29412
4,USD_INR,81.74495,81.65145,81.7098187,0.0935,19251.3369
5,USD_INR,81.69155,81.64445,81.6689875,0.0471,23503.18471
6,USD_INR,81.69345,81.66395,81.6752233,0.0295,29966.10169
7,USD_INR,81.70645,81.6465,81.6729779,0.05995,36046.70559
8,USD_INR,81.71095,81.6615,81.6887263,0.04945,32477.24975
9,USD_INR,81.70295,81.67285,81.6868458,0.0301,19136.21262
10,USD_INR,81.68245,81.65045,81.6705836,0.032,10781.25
11,USD_INR,81.66685,81.64345,81.6527386,0.0234,34017.09402
12,USD_INR,81.66525,81.64395,81.6548147,0.0213,78075.11737
13,USD_INR,81.66275,81.63895,81.6457419,0.0238,32478.9916
14,USD_INR,81.66105,81.63595,81.6444222,0.0251,57490.03984
15,USD_INR,81.66105,81.63895,81.6436614,0.0221,36018.09955
16,USD_INR,81.66565,81.63845,81.6453897,0.0272,38639.70588
17,USD_INR,81.66185,81.63845,81.6427867,0.0234,30256.41026
18,USD_INR,81.66165,81.63895,81.6444781,0.0227,54977.97357
19,USD_INR,81.66295,81.63795,81.6490375,0.025,47480
20,USD_INR,81.66355,81.63945,81.6437536,0.0241,24937.75934
21,USD_INR,81.66355,81.63895,81.6437078,0.0246,19552.84553
22,USD_INR,81.64845,81.63835,81.6413569,0.0101,18316.83168
23,USD_INR,81.65055,81.64035,81.6450069,0.0102,54607.84314
24,USD_INR,81.64845,81.63885,81.6409744,0.0096,48020.83333
25,USD_INR,81.64855,81.63915,81.64166,0.0094,34361.70213
26,USD_INR,81.64835,81.64085,81.6420383,0.0075,22133.33333
27,USD_INR,81.64155,81.63635,81.6396539,0.0052,24423.07692
28,USD_INR,81.63845,81.63285,81.6346653,0.0056,47142.85714
29,USD_INR,81.63445,81.58185,81.6213464,0.0526,3041.825095
30,USD_INR,81.61995,81.61185,81.6164847,0.0081,8518.518519
31,USD_INR,81.62225,81.59135,81.6126436,0.0309,20291.26214
32,USD_INR,81.59135,81.52535,81.5366858,0.066,1257.575758
33,USD_INR,81.54495,81.52935,81.5329242,0.0156,5705.128205
34,USD_INR,81.53835,81.52585,81.5306297,0.0125,25200
35,USD_INR,81.53835,81.52585,81.5268117,0.0125,21360
36,USD_INR,81.6455,81.515,81.5380539,0.1305,13371.64751
37,USD_INR,81.55335,81.5223,81.5296611,0.03105,708.5346216
38,USD_INR,81.53405,81.5223,81.5227364,0.01175,4765.957447
39,USD_INR,81.52415,81.5223,81.5224644,0.00185,5405.405405
45,USD_INR,81.5255,81.5223,81.5226681,0.0032,40000
46,USD_INR,81.52515,81.52475,81.5248989,0.0004,12500
47,USD_INR,81.52525,81.52495,81.5250336,0.0003,133333.3333
48,USD_INR,81.52515,81.52495,81.52514,0.0002,130000
54,USD_INR,81.52535,81.52505,81.5251505,0.0003,323333.3333
55,USD_INR,81.52535,81.52505,81.5252383,0.0003,130000
58,USD_INR,81.52545,81.52535,81.5253707,0.0001,140000
64,USD_INR,81.54455,81.5135,81.5253406,0.03105,17037.03704
65,USD_INR,81.53765,81.53285,81.5368812,0.0048,5416.666667
66,USD_INR,81.53775,81.53605,81.5364567,0.0017,7647.058824
67,USD_INR,81.53775,81.53715,81.537345,0.0006,26666.66667
68,USD_INR,81.53755,81.53715,81.5375322,0.0004,62500
73,USD_INR,81.53755,81.49305,81.5369376,0.0445,2269.662921
74,USD_INR,81.53585,81.503,81.5259331,0.03285,25357.68645
75,USD_INR,81.696,81.523,81.5449469,0.173,6190.751445
76,USD_INR,81.62555,81.523,81.5931389,0.10255,3286.201853
77,USD_INR,81.6205,81.546,81.5953008,0.0745,4402.684564
78,USD_INR,81.607,81.546,81.5861658,0.061,4983.606557
79,USD_INR,81.5925,81.5255,81.555226,0.067,7253.731343
80,USD_INR,81.552,81.5115,81.534381,0.0405,8716.049383
81,USD_INR,81.5849,81.5475,81.5667364,0.0374,20053.47594
82,USD_INR,81.5794,81.5375,81.5616953,0.0419,19284.00955
83,USD_INR,81.6539,81.5555,81.6181375,0.0984,15152.43902
84,USD_INR,81.6806,81.6205,81.6603042,0.0601,8685.524126
85,USD_INR,81.697,81.6445,81.6760119,0.0525,13923.80952
86,USD_INR,81.715,81.6495,81.6807178,0.0655,19664.12214
87,USD_INR,81.7165,81.6615,81.6971989,0.055,18327.27273
88,USD_INR,81.738,81.6605,81.7019283,0.0775,15496.77419
89,USD_INR,81.701,81.6405,81.6685561,0.0605,11900.82645
90,USD_INR,81.681,81.6405,81.6625482,0.0405,19432.09877
91,USD_INR,81.66115,81.6166,81.6372528,0.04455,11447.81145
92,USD_INR,81.6685,81.6375,81.6534825,0.031,14161.29032
93,USD_INR,81.6725,81.6433,81.6533539,0.0292,19109.58904
94,USD_INR,81.7345,81.659,81.7020894,0.0755,9165.562914
95,USD_INR,81.7425,81.7055,81.7244319,0.037,6702.702703
96,USD_INR,81.7405,81.6906,81.7201683,0.0499,13687.37475
97,USD_INR,81.7075,81.6646,81.6816206,0.0429,19114.21911
98,USD_INR,81.7125,81.6755,81.6942028,0.037,27081.08108
99,USD_INR,81.7125,81.6832,81.6999767,0.0293,23788.3959
100,USD_INR,81.7225,81.6901,81.7066342,0.0324,31265.4321
1,USD_JPY,140.673,0.0071087,135.132186,140.6658913,0
2,USD_JPY,140.671,0.0071091,135.2188391,140.6638909,6.654159742
3,USD_JPY,140.645,0.0071101,136.3094424,140.6378899,5.546158297
4,USD_JPY,140.567,0.0071141,133.7200162,140.5598859,8.878777839
5,USD_JPY,140.392,0.0071245,133.7688159,140.3848755,8.334231133
6,USD_JPY,140.4095,0.0071221,134.3671273,140.4023779,7.222099904
7,USD_JPY,140.414,0.00712,134.0192926,140.40688,7.777396663
8,USD_JPY,140.4085,0.0071222,133.9082327,140.4013778,8.333251556
9,USD_JPY,140.405,0.0071232,129.5421558,140.3978768,12.77797101
10,USD_JPY,140.311,0.0071274,130.8752805,140.3038726,12.23059612
11,USD_JPY,140.309,0.0071272,134.6371491,140.3018728,6.671329337
12,USD_JPY,140.2625,0.0071299,135.5042636,140.2553701,5.283220168
13,USD_JPY,140.225,0.0071321,133.914806,140.2178679,7.787880506
14,USD_JPY,140.193,0.0071331,133.4096101,140.1858669,8.902466615
15,USD_JPY,140.195,0.007134,134.1371496,140.187866,7.789547207
16,USD_JPY,140.269,0.0071302,133.8625921,140.2618698,8.341540018
17,USD_JPY,140.2995,0.0071288,136.9306262,140.2923712,4.447854111
18,USD_JPY,140.293,0.0071284,131.6839758,140.2858716,9.452127893
19,USD_JPY,140.3055,0.0071276,135.5091896,140.2983724,6.115537802
20,USD_JPY,140.356,0.0071249,133.5481342,140.3488751,7.78061099
21,USD_JPY,140.346,0.0071258,132.9502582,140.3388742,7.781165456
22,USD_JPY,140.309,0.0071278,136.8897863,140.3018722,4.44755291
23,USD_JPY,140.259,0.0071296,135.1335184,140.2518704,6.395636632
24,USD_JPY,140.279,0.007129,135.6484895,140.271871,6.116693204
25,USD_JPY,140.211,0.0071329,130.9145599,140.2038671,11.68298731
26,USD_JPY,140.212,0.0071322,133.3560781,140.2048678,8.901260132
27,USD_JPY,140.201,0.0071328,129.8009991,140.1938672,12.24019306
28,USD_JPY,140.1945,0.0071331,132.5101715,140.1873669,9.458769569
29,USD_JPY,140.182,0.0071337,133.8324895,140.1748663,8.346717431
30,USD_JPY,140.2035,0.0071325,133.5595874,140.1963675,8.345437338
31,USD_JPY,140.182,0.007134,132.835047,140.174866,9.459613109
32,USD_JPY,140.2015,0.0071337,130.6099127,140.1943663,11.68377905
33,USD_JPY,140.2015,0.0071326,135.1818247,140.1943674,6.676445119
34,USD_JPY,140.2135,0.0071322,134.7496007,140.2063678,6.11955087
35,USD_JPY,140.187,0.0071333,129.0698246,140.1798667,12.24141555
36,USD_JPY,140.1895,0.0071335,132.644655,140.1823665,9.180897941
37,USD_JPY,140.218,0.0071316,133.4025792,140.2108684,8.344574236
38,USD_JPY,140.217,0.0071316,132.6289696,140.2098684,9.457251584
39,USD_JPY,140.22,0.0071318,130.5731435,140.2128682,11.96038582
40,USD_JPY,140.228,0.0071317,137.2505436,140.2208683,3.893856932
41,USD_JPY,140.2495,0.0071301,133.8540469,140.2423699,7.786519871
42,USD_JPY,140.2635,0.0071299,127.5758102,140.2563701,15.01536079
43,USD_JPY,140.249,0.0071302,128.8259409,140.2418698,14.46073133
44,USD_JPY,140.2985,0.0071281,127.7295592,140.2913719,15.56760028
45,USD_JPY,140.301,0.0071281,130.1173731,140.2938719,12.78744378
46,USD_JPY,140.268,0.0071296,128.6189351,140.2608704,13.34655913
47,USD_JPY,140.3,0.0071279,125.941213,140.2928721,17.79135292
48,USD_JPY,140.273,0.0071287,129.1486203,140.2658713,13.90217009
49,USD_JPY,140.3605,0.007125,131.4645682,140.353375,10.55906208
50,USD_JPY,140.3655,0.0071246,128.5125673,140.3583754,14.72658824
51,USD_JPY,140.405,0.00712,127.8669622,140.39788,17.22248228
52,USD_JPY,140.4465,0.007121,126.1148932,140.439379,16.66199336
53,USD_JPY,140.5005,0.0071174,124.1416612,140.4933826,19.70911333
54,USD_JPY,140.485,0.0071182,127.743527,140.4778818,15.54693146
55,USD_JPY,140.4225,0.007122,129.7383272,140.415378,12.49863103
56,USD_JPY,140.3645,0.0071246,128.8050089,140.3573754,14.17096889
57,USD_JPY,140.3465,0.0071252,127.8317191,140.3393748,15.00647985
58,USD_JPY,140.2935,0.0071279,129.8313046,140.2863721,13.62213572
59,USD_JPY,140.2375,0.0071316,130.1594896,140.2303684,12.237007
60,USD_JPY,140.3345,0.0071264,128.1233565,140.3273736,14.7298417
61,USD_JPY,140.3045,0.0071274,127.194704,140.2973726,14.45501054
62,USD_JPY,140.1605,0.007135,125.8533831,140.153365,19.47866182
63,USD_JPY,140.1715,0.0071347,125.8734213,140.1643653,17.25117504
64,USD_JPY,140.2215,0.0071323,130.2645053,140.2143677,13.35098557
65,USD_JPY,140.1805,0.0071339,127.1193591,140.1733661,16.69361352
66,USD_JPY,140.178,0.0071338,130.8448332,140.1708662,12.24220158
67,USD_JPY,140.0815,0.0071388,128.1502245,140.0743612,13.92117718
68,USD_JPY,140.015,0.0071422,123.4701493,140.0078578,19.49890558
69,USD_JPY,140.0295,0.0071418,126.5270371,140.0223582,16.99014379
70,USD_JPY,140.0275,0.0071416,127.7627859,140.0203584,15.3192009
71,USD_JPY,139.9625,0.007145,128.8601257,139.955355,13.65435428
72,USD_JPY,139.9175,0.007147,128.0682472,139.910353,14.21624603
73,USD_JPY,139.9255,0.0071468,125.8187563,139.9183532,16.72403903
74,USD_JPY,139.948,0.0071459,128.6037181,139.9408541,14.49183666
75,USD_JPY,139.8655,0.0071495,128.8580075,139.8583505,13.94267838
76,USD_JPY,139.9145,0.0071478,126.8342981,139.9073522,15.05281865
77,USD_JPY,139.9505,0.0071456,130.0476618,139.9433544,12.26210424
78,USD_JPY,139.9495,0.0071456,126.7992073,139.9423544,15.60642601
79,USD_JPY,139.969,0.0071449,125.0916989,139.9618551,18.11207774
80,USD_JPY,139.869,0.0071497,124.4339999,139.8618503,19.51926129
81,USD_JPY,139.7635,0.0071552,129.5147512,139.7563448,13.3947407
82,USD_JPY,139.814,0.0071524,123.4739422,139.8068476,18.41111537
83,USD_JPY,139.8275,0.0071518,133.4175598,139.8203482,8.925739465
84,USD_JPY,139.8695,0.0071494,133.6906987,139.8623506,7.807676586
85,USD_JPY,139.885,0.0071492,132.8838139,139.8778508,8.92207017
86,USD_JPY,139.909,0.0071477,132.5423241,139.9018523,9.942684655
87,USD_JPY,139.9465,0.0071465,137.8742558,139.9393535,2.78692155
88,USD_JPY,139.943,0.0071458,136.2930368,139.9358542,4.459185986
89,USD_JPY,139.9025,0.007148,134.1562371,139.895352,6.6907155
90,USD_JPY,139.9095,0.0071477,132.4583869,139.9023523,8.362975895
91,USD_JPY,139.9445,0.0071456,131.7811655,139.9373544,11.14784545
92,USD_JPY,140.0025,0.0071429,131.4594783,139.9953571,10.58606536
93,USD_JPY,140.0785,0.0071391,132.0829528,140.0713609,10.58032128
94,USD_JPY,140.0785,0.0071392,134.4311962,140.0713608,7.79602621
95,USD_JPY,140.024,0.0071411,135.0443716,140.0168589,5.29221985
96,USD_JPY,139.9175,0.0071481,135.0300153,139.9103519,6.689998183
97,USD_JPY,139.8615,0.0071501,131.9191852,139.8543499,11.15446177
98,USD_JPY,139.8845,0.0071487,129.9900885,139.8773513,12.26789029
99,USD_JPY,139.886,0.0071493,134.9960487,139.8788507,5.576253995
100,USD_JPY,139.8735,0.0071497,137.8277206,139.8663503,2.788376183
1,USD_MXN,19.46122,19.44489,19.4544692,0.01633,0
2,USD_MXN,19.4617,19.45154,19.456543,0.01016,23129.92126
3,USD_MXN,19.46313,19.45063,19.4579508,0.0125,30400
4,USD_MXN,19.45714,19.4356,19.4482936,0.02154,22516.24884
5,USD_MXN,19.45485,19.4353,19.4441956,0.01955,13708.4399
6,USD_MXN,19.4539,19.44382,19.4489721,0.01008,15674.60317
7,USD_MXN,19.45561,19.44614,19.4502408,0.00947,48574.44562
8,USD_MXN,19.4544,19.44047,19.4460567,0.01393,43933.95549
9,USD_MXN,19.44646,19.43182,19.4411221,0.01464,27049.18033
10,USD_MXN,19.4407,19.42835,19.4366626,0.01235,24129.55466
11,USD_MXN,19.44444,19.4348,19.4397364,0.00964,23547.71784
12,USD_MXN,19.43948,19.4214,19.4311192,0.01808,31028.76106
13,USD_MXN,19.42564,19.4141,19.4211469,0.01154,24263.43154
14,USD_MXN,19.4302,19.4196,19.42562,0.0106,31698.11321
15,USD_MXN,19.4327,19.4223,19.4272506,0.0104,37211.53846
16,USD_MXN,19.4435,19.4249,19.4340644,0.0186,25483.87097
17,USD_MXN,19.4314,19.41603,19.4255052,0.01537,17501.62655
18,USD_MXN,19.4418,19.42501,19.4357211,0.01679,15783.20429
19,USD_MXN,19.4485,19.4323,19.4420946,0.0162,14259.25926
20,USD_MXN,19.44175,19.431505,19.4375792,0.010245,22352.36701
21,USD_MXN,19.4388,19.42267,19.4275161,0.01613,24736.51581
22,USD_MXN,19.42945,19.41284,19.4219522,0.01661,17399.15713
23,USD_MXN,19.4202,19.41028,19.4160909,0.00992,26713.70968
24,USD_MXN,19.419,19.406085,19.4130603,0.012915,42663.56949
25,USD_MXN,19.42065,19.4125,19.4150383,0.00815,31165.64417
26,USD_MXN,19.4204,19.4136,19.4170593,0.0068,83088.23529
27,USD_MXN,19.41643,19.40718,19.4128141,0.00925,62054.05405
28,USD_MXN,19.41682,19.4072,19.4118588,0.00962,36278.58628
29,USD_MXN,19.41482,19.40207,19.407529,0.01275,33254.90196
30,USD_MXN,19.4177,19.4126,19.4147525,0.0051,60196.07843
31,USD_MXN,19.415405,19.41203,19.4140181,0.003375,114666.6667
32,USD_MXN,19.415425,19.412,19.4139247,0.003425,249635.0365
33,USD_MXN,19.4153,19.405025,19.4128114,0.010275,173819.9513
34,USD_MXN,19.41764,19.40666,19.4131488,0.01098,33879.78142
35,USD_MXN,19.419055,19.400465,19.4114988,0.01859,20871.43626
36,USD_MXN,19.4133,19.40054,19.4088608,0.01276,23432.60188
37,USD_MXN,19.4214,19.408105,19.413558,0.013295,27754.79504
38,USD_MXN,19.425,19.412055,19.4223712,0.012945,35689.45539
39,USD_MXN,19.4226,19.412945,19.4217092,0.009655,36250.64733
40,USD_MXN,19.4225,19.412945,19.4220672,0.009555,20512.82051
41,USD_MXN,19.4222,19.4099,19.4184269,0.0123,118130.0813
42,USD_MXN,19.4203,19.4081,19.4158681,0.0122,96639.34426
43,USD_MXN,19.4203,19.4078,19.4121096,0.0125,66960
44,USD_MXN,19.4203,19.4127,19.4151462,0.0076,137500
45,USD_MXN,19.4203,19.40925,19.4142925,0.01105,99728.50679
46,USD_MXN,19.41715,19.40825,19.4116535,0.0089,48089.88764
47,USD_MXN,19.4167,19.4085,19.4111381,0.0082,175731.7073
48,USD_MXN,19.4151,19.40705,19.4108587,0.00805,221118.0124
49,USD_MXN,19.4187,19.40875,19.4125825,0.00995,88341.70854
50,USD_MXN,19.4182,19.406905,19.4149119,0.011295,64364.76317
51,USD_MXN,19.42425,19.409765,19.4138597,0.014485,36796.68623
52,USD_MXN,19.41983,19.40045,19.41456,0.01938,21723.42621
53,USD_MXN,19.4183,19.40975,19.412432,0.00855,12163.74269
54,USD_MXN,19.41029,19.40339,19.4091386,0.0069,41159.42029
55,USD_MXN,19.41043,19.40415,19.4077472,0.00628,90127.38854
56,USD_MXN,19.41201,19.39945,19.4055124,0.01256,102866.242
57,USD_MXN,19.41155,19.39785,19.4056177,0.0137,23941.60584
58,USD_MXN,19.4115,19.4011,19.4070195,0.0104,23750
59,USD_MXN,19.4068,19.40145,19.4046945,0.00535,33271.02804
60,USD_MXN,19.41145,19.39646,19.4010366,0.01499,68779.18612
61,USD_MXN,19.40785,19.3946,19.4014746,0.01325,35018.86792
62,USD_MXN,19.403545,19.38945,19.3958108,0.014095,32777.5807
63,USD_MXN,19.4034,19.384075,19.3946395,0.019325,14126.77878
64,USD_MXN,19.41247,19.4006,19.4061107,0.01187,13984.83572
65,USD_MXN,19.416,19.40741,19.41136,0.00859,35157.15949
66,USD_MXN,19.41557,19.40391,19.4090419,0.01166,50171.52659
67,USD_MXN,19.40808,19.3968,19.4021466,0.01128,41046.09929
68,USD_MXN,19.41113,19.402,19.4076215,0.00913,31325.3012
69,USD_MXN,19.41124,19.40245,19.4084317,0.00879,38339.02162
70,USD_MXN,19.41415,19.402405,19.4084905,0.011745,39931.88591
71,USD_MXN,19.4155,19.40105,19.4066798,0.01445,25190.31142
72,USD_MXN,19.41086,19.40173,19.4052167,0.00913,29353.77875
73,USD_MXN,19.40903,19.399205,19.4058992,0.009825,42035.62341
74,USD_MXN,19.406575,19.386175,19.3999637,0.0204,32892.15686
75,USD_MXN,19.402315,19.395655,19.3980006,0.00666,20420.42042
76,USD_MXN,19.40684,19.399225,19.404129,0.007615,68548.91661
77,USD_MXN,19.4069,19.397535,19.4034575,0.009365,67698.8788
78,USD_MXN,19.40401,19.39486,19.4008018,0.00915,51475.40984
79,USD_MXN,19.407025,19.39356,19.3995809,0.013465,47679.16821
80,USD_MXN,19.3958,19.382095,19.3894457,0.013705,26340.75155
81,USD_MXN,19.39856,19.3876,19.3916483,0.01096,21715.32847
82,USD_MXN,19.39855,19.3868,19.3956887,0.01175,24765.95745
83,USD_MXN,19.40475,19.39214,19.3983103,0.01261,24504.36162
84,USD_MXN,19.40885,19.395705,19.4004546,0.013145,30581.97033
85,USD_MXN,19.402315,19.39369,19.4011262,0.008625,43710.14493
86,USD_MXN,19.407245,19.392235,19.4012292,0.01501,37708.19454
87,USD_MXN,19.40912,19.39295,19.4041031,0.01617,17810.76067
88,USD_MXN,19.41199,19.40649,19.4101137,0.0055,35272.72727
89,USD_MXN,19.418,19.40831,19.4118386,0.00969,65737.8741
90,USD_MXN,19.4188,19.40323,19.415008,0.01557,31984.58574
91,USD_MXN,19.417185,19.4118,19.4147362,0.005385,31569.17363
92,USD_MXN,19.41989,19.406315,19.4172582,0.013575,78747.69797
93,USD_MXN,19.42589,19.41405,19.4216249,0.01184,30996.62162
94,USD_MXN,19.429205,19.41707,19.4230031,0.012135,39060.5686
95,USD_MXN,19.4303,19.41777,19.4241472,0.01253,37270.55068
96,USD_MXN,19.42421,19.41541,19.4190613,0.0088,19431.81818
97,USD_MXN,19.41752,19.41398,19.4160191,0.00354,90395.48023
98,USD_MXN,19.42098,19.413345,19.4190168,0.007635,138703.3399
99,USD_MXN,19.422625,19.413495,19.4194332,0.00913,74041.62103
100,USD_MXN,19.42124,19.41215,19.4178564,0.00909,27942.79428
1,USD_PLN,4.5612,4.55767,4.5595092,0.00353,0
2,USD_PLN,4.56054,4.55448,4.5577187,0.00606,161551.1551
3,USD_PLN,4.55976,4.55467,4.5566594,0.00509,92337.91749
4,USD_PLN,4.55818,4.54765,4.5525724,0.01053,70085.47009
5,USD_PLN,4.55045,4.546,4.5481062,0.00445,71685.39326
6,USD_PLN,4.55237,4.54815,4.5501837,0.00422,188862.5592
7,USD_PLN,4.55285,4.5504,4.5517701,0.00245,192653.0612
8,USD_PLN,4.55317,4.54748,4.5508041,0.00569,141827.768
9,USD_PLN,4.55115,4.546,4.5488718,0.00515,64271.84466
10,USD_PLN,4.54752,4.54483,4.5463377,0.00269,140892.1933
11,USD_PLN,4.546705,4.54382,4.5454112,0.002885,281455.8059
12,USD_PLN,4.54635,4.54433,4.5452102,0.00202,320792.0792
13,USD_PLN,4.54475,4.53884,4.541083,0.00591,141116.7513
14,USD_PLN,4.54285,4.53833,4.5409245,0.00452,76106.19469
15,USD_PLN,4.540995,4.53772,4.5387581,0.003275,141984.7328
16,USD_PLN,4.54152,4.53809,4.5401083,0.00343,153061.2245
17,USD_PLN,4.54211,4.53755,4.5399521,0.00456,110087.7193
18,USD_PLN,4.539995,4.53728,4.5384434,0.002715,122651.9337
19,USD_PLN,4.541155,4.53822,4.5399538,0.002935,200681.431
20,USD_PLN,4.54171,4.53928,4.5400958,0.00243,185185.1852
21,USD_PLN,4.542865,4.53931,4.5413811,0.003555,143459.9156
22,USD_PLN,4.5423,4.53945,4.5411752,0.00285,120000
23,USD_PLN,4.543365,4.53985,4.5408017,0.003515,114935.9886
24,USD_PLN,4.54448,4.539845,4.5417206,0.004635,97087.37864
25,USD_PLN,4.542925,4.540885,4.5415524,0.00204,95588.23529
26,USD_PLN,4.54365,4.54208,4.542674,0.00157,345222.9299
27,USD_PLN,4.543785,4.541525,4.5425411,0.00226,426548.6726
28,USD_PLN,4.544,4.54178,4.5427788,0.00222,318918.9189
29,USD_PLN,4.54245,4.53953,4.5409823,0.00292,308904.1096
30,USD_PLN,4.54125,4.538685,4.5399657,0.002565,252631.5789
31,USD_PLN,4.54036,4.5387,4.5395239,0.00166,301204.8193
32,USD_PLN,4.541105,4.53851,4.53971,0.002595,257803.4682
33,USD_PLN,4.541075,4.53793,4.5397146,0.003145,259777.4245
34,USD_PLN,4.54145,4.53985,4.5406504,0.0016,308125
35,USD_PLN,4.5416,4.539785,4.5404777,0.001815,468319.5592
36,USD_PLN,4.5465,4.5385,4.539401,0.008,112500
37,USD_PLN,4.544,4.53895,4.5404636,0.00505,72871.28713
38,USD_PLN,4.543665,4.54155,4.5421029,0.002115,134751.773
39,USD_PLN,4.54365,4.54225,4.5429925,0.0014,277857.1429
40,USD_PLN,4.54365,4.54275,4.5430452,0.0009,698888.8889
41,USD_PLN,4.54375,4.54215,4.5428681,0.0016,843750
42,USD_PLN,4.54295,4.5419,4.5423108,0.00105,820952.381
43,USD_PLN,4.542775,4.5412,4.5418992,0.001575,438095.2381
44,USD_PLN,4.54245,4.54145,4.5417665,0.001,317000
45,USD_PLN,4.54475,4.54045,4.5429886,0.0043,802558.1395
46,USD_PLN,4.54359,4.53985,4.5411677,0.00374,317379.6791
47,USD_PLN,4.5417,4.53945,4.5405204,0.00225,411111.1111
48,USD_PLN,4.542525,4.53935,4.5405424,0.003175,437795.2756
49,USD_PLN,4.5437,4.53995,4.5416204,0.00375,376800
50,USD_PLN,4.543295,4.54185,4.5423843,0.001445,312110.7266
51,USD_PLN,4.54355,4.5407,4.5418402,0.00285,640000
52,USD_PLN,4.543215,4.54055,4.5415363,0.002665,495309.5685
53,USD_PLN,4.543595,4.54125,4.5420245,0.002345,314712.1535
54,USD_PLN,4.544735,4.541385,4.5430127,0.00335,162985.0746
55,USD_PLN,4.54455,4.5422,4.5433462,0.00235,134468.0851
56,USD_PLN,4.54255,4.54075,4.5416142,0.0018,290000
57,USD_PLN,4.5431,4.54115,4.5422975,0.00195,282051.2821
58,USD_PLN,4.54255,4.5395,4.5415064,0.00305,188852.459
59,USD_PLN,4.54095,4.5395,4.5402149,0.00145,254482.7586
60,USD_PLN,4.542,4.54025,4.5411751,0.00175,571428.5714
61,USD_PLN,4.5429,4.53785,4.5407468,0.00505,152277.2277
62,USD_PLN,4.53935,4.537825,4.5387156,0.001525,169836.0656
63,USD_PLN,4.53965,4.5368,4.5380629,0.00285,322807.0175
64,USD_PLN,4.5429,4.5389,4.5408069,0.004,137500
65,USD_PLN,4.54485,4.54145,4.5426142,0.0034,103529.4118
66,USD_PLN,4.54465,4.54155,4.543036,0.0031,136451.6129
67,USD_PLN,4.5428,4.53895,4.5403722,0.00385,144935.0649
68,USD_PLN,4.54185,4.53895,4.540426,0.0029,110000
69,USD_PLN,4.54135,4.53925,4.5405086,0.0021,161904.7619
70,USD_PLN,4.54025,4.53795,4.5392106,0.0023,218260.8696
71,USD_PLN,4.54055,4.53865,4.5397939,0.0019,390000
72,USD_PLN,4.54335,4.54015,4.5420371,0.0032,239687.5
73,USD_PLN,4.54395,4.54085,4.542519,0.0031,129677.4194
74,USD_PLN,4.54305,4.54005,4.5417696,0.003,153000
75,USD_PLN,4.542,4.5401,4.5409633,0.0019,262105.2632
76,USD_PLN,4.54255,4.54045,4.5413337,0.0021,444761.9048
77,USD_PLN,4.5428,4.54115,4.5419746,0.00165,260000
78,USD_PLN,4.54215,4.5406,4.5414945,0.00155,521290.3226
79,USD_PLN,4.5418,4.538,4.5403356,0.0038,296578.9474
80,USD_PLN,4.53895,4.5321,4.5353331,0.00685,76788.32117
81,USD_PLN,4.53685,4.5341,4.5351998,0.00275,78545.45455
82,USD_PLN,4.53805,4.53515,4.5370124,0.0029,182758.6207
83,USD_PLN,4.5387,4.5367,4.5378855,0.002,190000
84,USD_PLN,4.54005,4.5376,4.5386373,0.00245,369795.9184
85,USD_PLN,4.54055,4.53845,4.5396542,0.0021,285714.2857
86,USD_PLN,4.54125,4.53965,4.5405399,0.0016,347500
87,USD_PLN,4.54475,4.5394,4.5427064,0.00535,197943.9252
88,USD_PLN,4.54535,4.5435,4.5444298,0.00185,185405.4054
89,USD_PLN,4.54495,4.5426,4.5436931,0.00235,345957.4468
90,USD_PLN,4.54395,4.5414,4.5427702,0.00255,257254.902
91,USD_PLN,4.54325,4.5413,4.5421858,0.00195,345128.2051
92,USD_PLN,4.54435,4.54225,4.5432181,0.0021,571904.7619
93,USD_PLN,4.54395,4.542,4.5430988,0.00195,375897.4359
94,USD_PLN,4.5433,4.54155,4.5425053,0.00175,421142.8571
95,USD_PLN,4.54265,4.54055,4.5417787,0.0021,346190.4762
96,USD_PLN,4.54185,4.5394,4.5409551,0.00245,272244.898
97,USD_PLN,4.54105,4.538345,4.5399319,0.002705,217375.2311
98,USD_PLN,4.54265,4.54085,4.5418538,0.0018,276111.1111
99,USD_PLN,4.54265,4.54028,4.5418967,0.00237,454430.3797
100,USD_PLN,4.54215,4.53952,4.5409794,0.00263,507224.3346