Reading,Currency,Max,Min,Mean,Vol,FD,R
1,AUD_USD,0.6671,0.666885,0.6669849,0.000215,0,0
2,AUD_USD,0.667,0.6667,0.6668044,0.0003,35966.66667,-0.0002706
3,AUD_USD,0.66726,0.6666,0.6668993,0.00066,14454.54545,0.0001423
4,AUD_USD,0.6673,0.667,0.667118,0.0003,11600,0.0003279
5,AUD_USD,0.6671,0.6664,0.6667879,0.0007,13200,-0.0004948
6,AUD_USD,0.6665,0.666295,0.6663834,0.000205,15317.07317,-0.0006066
7,AUD_USD,0.6665,0.666175,0.6663356,0.000325,36030.76923,-7.17E-05
8,AUD_USD,0.6665,0.666215,0.666364,0.000285,21052.63158,4.26E-05
9,AUD_USD,0.666565,0.666195,0.6663898,0.00037,19081.08108,3.87E-05
10,AUD_USD,0.666525,0.6661,0.6663539,0.000425,15811.76471,-5.39E-05
11,AUD_USD,0.6663,0.665955,0.6661216,0.000345,18347.82609,-0.0003486
12,AUD_USD,0.6663,0.6657,0.6660196,0.0006,11050,-0.0001531
13,AUD_USD,0.6659,0.66544,0.6656899,0.00046,7956.521739,-0.000495
14,AUD_USD,0.6657,0.6653,0.665511,0.0004,12275,-0.0002687
15,AUD_USD,0.6657,0.6653,0.6654327,0.0004,12825,-0.0001177
16,AUD_USD,0.6657,0.6653,0.6655204,0.0004,14900,0.0001318
17,AUD_USD,0.6657,0.6653,0.6654711,0.0004,11425,-7.41E-05
18,AUD_USD,0.6655,0.6651,0.6652621,0.0004,15600,-0.0003141
19,AUD_USD,0.6655,0.6651,0.6653079,0.0004,13725,6.88E-05
20,AUD_USD,0.6654,0.665,0.6651789,0.0004,15000,-0.0001939
21,AUD_USD,0.6653,0.665,0.6651921,0.0003,19300,1.98E-05
22,AUD_USD,0.665195,0.6645,0.6647698,0.000695,10215.82734,-0.0006349
23,AUD_USD,0.665,0.66458,0.6647842,0.00042,7619.047619,2.17E-05
24,AUD_USD,0.6649,0.6646,0.6647242,0.0003,15200,-9.03E-05
25,AUD_USD,0.6648,0.6643,0.6645596,0.0005,11520,-0.0002476
26,AUD_USD,0.6646,0.6642,0.6643752,0.0004,9000,-0.0002775
27,AUD_USD,0.6645,0.6642,0.664323,0.0003,18900,-7.86E-05
28,AUD_USD,0.6645,0.6642,0.6643389,0.0003,19700,2.39E-05
29,AUD_USD,0.6645,0.6642,0.6643668,0.0003,17666.66667,4.20E-05
30,AUD_USD,0.6647,0.6643,0.6644897,0.0004,18750,0.000185
31,AUD_USD,0.6649,0.6644,0.6646349,0.0005,9620,0.0002185
32,AUD_USD,0.665,0.6646,0.6648047,0.0004,9875,0.0002555
33,AUD_USD,0.665,0.6647,0.664834,0.0003,18300,4.41E-05
34,AUD_USD,0.665,0.66436,0.6646148,0.00064,10796.875,-0.0003297
35,AUD_USD,0.6646,0.6643,0.6644681,0.0003,10033.33333,-0.0002207
36,AUD_USD,0.6647,0.6643,0.6644965,0.0004,17250,4.27E-05
37,AUD_USD,0.6648,0.6644,0.6645969,0.0004,13700,0.0001511
38,AUD_USD,0.66482,0.6644,0.6646171,0.00042,13452.38095,3.04E-05
39,AUD_USD,0.6651,0.6647,0.664895,0.0004,12350,0.0004181
40,AUD_USD,0.66522,0.6649,0.6651298,0.00032,10875,0.0003531
41,AUD_USD,0.6653,0.6651,0.6652296,0.0002,14650,0.00015
42,AUD_USD,0.6654,0.6651,0.6652315,0.0003,28566.66667,2.90E-06
43,AUD_USD,0.6653,0.665,0.6651319,0.0003,15900,-0.0001497
44,AUD_USD,0.6652,0.6649,0.6650338,0.0003,14066.66667,-0.0001475
45,AUD_USD,0.6653,0.665,0.6651657,0.0003,15033.33333,0.0001983
46,AUD_USD,0.6654,0.6651,0.6652199,0.0003,19166.66667,8.15E-05
47,AUD_USD,0.6654,0.6651,0.6652191,0.0003,14933.33333,-1.20E-06
48,AUD_USD,0.6654,0.6651,0.6652245,0.0003,16800,8.10E-06
49,AUD_USD,0.6654,0.6652,0.6652681,0.0002,13250,6.55E-05
50,AUD_USD,0.6654,0.6651,0.6652551,0.0003,28800,-1.95E-05
51,AUD_USD,0.6653,0.6651,0.6652122,0.0002,22100,-6.45E-05
52,AUD_USD,0.6654,0.665,0.6651912,0.0004,25550,-3.16E-05
53,AUD_USD,0.6654,0.6651,0.6652486,0.0003,13166.66667,8.63E-05
54,AUD_USD,0.6653,0.6649,0.6650972,0.0004,19725,-0.0002276
55,AUD_USD,0.6653,0.6648,0.665009,0.0005,7400,-0.0001326
56,AUD_USD,0.66501,0.6648,0.6648899,0.00021,9523.809524,-0.0001791
57,AUD_USD,0.664905,0.6647,0.6648574,0.000205,12292.68293,-4.89E-05
58,AUD_USD,0.6651,0.6648,0.6648981,0.0003,23633.33333,6.12E-05
59,AUD_USD,0.6652,0.664805,0.6649898,0.000395,15696.20253,0.0001379
60,AUD_USD,0.6653,0.665,0.6651732,0.0003,12133.33333,0.0002758
61,AUD_USD,0.6653,0.665,0.6651826,0.0003,15500,1.41E-05
62,AUD_USD,0.6653,0.6651,0.6651826,0.0002,19650,0
63,AUD_USD,0.6653,0.664955,0.6651172,0.000345,20318.84058,-9.83E-05
64,AUD_USD,0.6651,0.6648,0.6649688,0.0003,13800,-0.0002231
65,AUD_USD,0.6653,0.66498,0.665148,0.00032,11250,0.0002695
66,AUD_USD,0.6653,0.6651,0.6651865,0.0002,13800,5.79E-05
67,AUD_USD,0.6655,0.6651,0.6652672,0.0004,14425,0.0001213
68,AUD_USD,0.6656,0.6652,0.6653757,0.0004,9600,0.0001631
69,AUD_USD,0.6655,0.6652,0.6653449,0.0003,10133.33333,-4.63E-05
70,AUD_USD,0.6655,0.6652,0.6653535,0.0003,16533.33333,1.29E-05
71,AUD_USD,0.6657,0.665235,0.6654463,0.000465,15161.29032,0.0001395
72,AUD_USD,0.6654,0.6648,0.66521,0.0006,11700,-0.0003551
73,AUD_USD,0.6654,0.6651,0.6652282,0.0003,6333.333333,2.74E-05
74,AUD_USD,0.6655,0.6652,0.6653431,0.0003,16466.66667,0.0001727
75,AUD_USD,0.6655,0.6652,0.6653685,0.0003,18566.66667,3.82E-05
76,AUD_USD,0.6656,0.6653,0.6654844,0.0003,22533.33333,0.0001742
77,AUD_USD,0.6656,0.665375,0.6654973,0.000225,25822.22222,1.94E-05
78,AUD_USD,0.6656,0.6653,0.6654473,0.0003,28133.33333,-7.51E-05
79,AUD_USD,0.6655,0.6653,0.6654152,0.0002,33050,-4.82E-05
80,AUD_USD,0.6656,0.6653,0.6654724,0.0003,30333.33333,8.60E-05
81,AUD_USD,0.6657,0.665265,0.6654983,0.000435,16896.55172,3.89E-05
82,AUD_USD,0.6656,0.665165,0.6652608,0.000435,10229.88506,-0.0003569
83,AUD_USD,0.6653,0.665,0.6651573,0.0003,11133.33333,-0.0001556
84,AUD_USD,0.6652,0.6649,0.6650438,0.0003,17166.66667,-0.0001706
85,AUD_USD,0.6653,0.6649,0.6651218,0.0004,13025,0.0001173
86,AUD_USD,0.6652,0.665,0.6651155,0.0002,15600,-9.50E-06
87,AUD_USD,0.6656,0.665,0.6652648,0.0006,19466.66667,0.0002245
88,AUD_USD,0.6656,0.6651,0.6653872,0.0005,4920,0.000184
89,AUD_USD,0.6653,0.665,0.6651671,0.0003,8166.666667,-0.0003308
90,AUD_USD,0.6653,0.665,0.6651672,0.0003,14533.33333,2.00E-07
91,AUD_USD,0.6653,0.6649,0.6650573,0.0004,18400,-0.0001652
92,AUD_USD,0.6653,0.6649,0.6650618,0.0004,10100,6.80E-06
93,AUD_USD,0.6653,0.665,0.6651803,0.0003,14600,0.0001782
94,AUD_USD,0.6655,0.665,0.6652194,0.0005,12200,5.88E-05
95,AUD_USD,0.6657,0.6652,0.6654937,0.0005,8880,0.0004123
96,AUD_USD,0.6659,0.6655,0.6656669,0.0004,8975,0.0002603
97,AUD_USD,0.6659,0.6655,0.6657405,0.0004,12325,0.0001106
98,AUD_USD,0.6658,0.6655,0.6656333,0.0003,15333.33333,-0.000161
99,AUD_USD,0.6658,0.6655,0.6656726,0.0003,24900,5.90E-05
100,AUD_USD,0.6658,0.6654,0.6655663,0.0004,14675,-0.0001597
1,EUR_JPY,144.0065,143.965,143.9856472,0.0415,0,0
2,EUR_JPY,143.9945,143.94,143.9637278,0.0545,257.2477064,-0.0001522
3,EUR_JPY,143.9765,143.92,143.9497181,0.0565,151.5044248,-9.73E-05
4,EUR_JPY,143.95,143.91,143.9281362,0.04,224.25,-0.0001499
5,EUR_JPY,143.93,143.895,143.9124046,0.035,281.1428571,-0.0001093
6,EUR_JPY,143.94,143.89,143.9181051,0.05,300.4,3.96E-05
7,EUR_JPY,143.9855,143.92,143.950912,0.0655,163.3587786,0.000228
8,EUR_JPY,144.03,143.955,143.9868966,0.075,101.4666667,0.00025
9,EUR_JPY,144.0305,143.9485,144.0011157,0.082,88.41463415,9.88E-05
10,EUR_JPY,143.945,143.875,143.9143591,0.07,87.85714286,-0.0006025
11,EUR_JPY,143.8825,143.8195,143.8510272,0.063,106.1904762,-0.0004401
12,EUR_JPY,143.8425,143.785,143.8172946,0.0575,100.8695652,-0.0002345
13,EUR_JPY,143.808035,143.745,143.7766798,0.063035,152.1377013,-0.0002824
14,EUR_JPY,143.83,143.765,143.8057,0.065,115.5384615,0.0002018
15,EUR_JPY,143.82,143.725,143.7779264,0.095,65.47368421,-0.0001931
16,EUR_JPY,143.79,143.745,143.7692586,0.045,83.77777778,-6.03E-05
17,EUR_JPY,143.7745,143.725,143.7545456,0.0495,168.4848485,-0.0001023
18,EUR_JPY,143.78,143.715,143.7457123,0.065,144.9230769,-6.14E-05
19,EUR_JPY,143.773,143.705,143.7426369,0.068,86.17647059,-2.14E-05
20,EUR_JPY,143.7235,143.675,143.7015397,0.0485,149.0721649,-0.0002859
21,EUR_JPY,143.71074,143.61,143.6587196,0.10074,85.66607107,-0.000298
22,EUR_JPY,143.64,143.557,143.5996843,0.083,58.91566265,-0.0004109
23,EUR_JPY,143.64,143.555,143.585775,0.085,70,-9.69E-05
24,EUR_JPY,143.6405,143.6,143.6182763,0.0405,114.5679012,0.0002264
25,EUR_JPY,143.6415,143.605,143.6268595,0.0365,278.3561644,5.98E-05
26,EUR_JPY,143.64,143.56,143.605495,0.08,160.75,-0.0001488
27,EUR_JPY,143.57,143.519,143.541569,0.051,96.07843137,-0.0004452
28,EUR_JPY,143.5945,143.535,143.5663264,0.0595,134.2857143,0.0001725
29,EUR_JPY,143.57,143.52,143.5428625,0.05,106.4,-0.0001634
30,EUR_JPY,143.54,143.5,143.5220308,0.04,224.25,-0.0001451
31,EUR_JPY,143.53233,143.48,143.5078369,0.05233,186.1265049,-9.89E-05
32,EUR_JPY,143.5565,143.5,143.5304903,0.0565,124.6017699,0.0001579
33,EUR_JPY,143.6,143.54,143.5713583,0.06,113.8333333,0.0002847
34,EUR_JPY,143.58,143.515,143.5573642,0.065,110.9230769,-9.75E-05
35,EUR_JPY,143.57,143.525,143.5446166,0.045,122.8888889,-8.88E-05
36,EUR_JPY,143.5735,143.53,143.5470226,0.0435,144.3678161,1.68E-05
37,EUR_JPY,143.6205,143.57,143.596256,0.0505,168.5148515,0.000343
38,EUR_JPY,143.62,143.57,143.5940214,0.05,129.6,-1.56E-05
39,EUR_JPY,143.628845,143.54,143.573399,0.088845,69.78445608,-0.0001436
40,EUR_JPY,143.5795,143.54,143.5610646,0.0395,58.48101266,-8.59E-05
41,EUR_JPY,143.62,143.5585,143.5887952,0.0615,106.6666667,0.0001932
42,EUR_JPY,143.66551,143.5995,143.6258485,0.06601,71.65580973,0.0002581
43,EUR_JPY,143.65,143.59,143.6212083,0.06,75.5,-3.23E-05
44,EUR_JPY,143.65,143.6125,143.631679,0.0375,117.6,7.29E-05
45,EUR_JPY,143.6575,143.62,143.639564,0.0375,173.6,5.49E-05
46,EUR_JPY,143.65,143.6,143.6270331,0.05,91.4,-8.72E-05
47,EUR_JPY,143.65724,143.62,143.6358129,0.03724,113.5875403,6.11E-05
48,EUR_JPY,143.65479,143.6155,143.6322147,0.03929,117.84169,-2.51E-05
49,EUR_JPY,143.655,143.605,143.6220432,0.05,99,-7.08E-05
50,EUR_JPY,143.67,143.62,143.6422627,0.05,116.6,0.0001408
51,EUR_JPY,143.665,143.63,143.6425581,0.035,159.1428571,2.10E-06
52,EUR_JPY,143.681545,143.615,143.6410925,0.066545,94.37222932,-1.02E-05
53,EUR_JPY,143.681025,143.628,143.6450897,0.053025,64.68646865,2.78E-05
54,EUR_JPY,143.69,143.63,143.6630035,0.06,62.33333333,0.0001247
55,EUR_JPY,143.641375,143.60904,143.6194433,0.032335,53.81165919,-0.0003032
56,EUR_JPY,143.65,143.6061,143.6238641,0.0439,82.91571754,3.08E-05
57,EUR_JPY,143.66262,143.603,143.6311121,0.05962,101.8114727,5.05E-05
58,EUR_JPY,143.64821,143.6,143.6187872,0.04821,118.8550093,-8.58E-05
59,EUR_JPY,143.655425,143.61,143.6290996,0.045425,92.01981288,7.18E-05
60,EUR_JPY,143.674,143.62,143.6391828,0.054,85,7.02E-05
61,EUR_JPY,143.66,143.62,143.6385519,0.04,76.25,-4.40E-06
62,EUR_JPY,143.65,143.61,143.6362589,0.04,136.5,-1.60E-05
63,EUR_JPY,143.695,143.614,143.6398269,0.081,103.0864198,2.48E-05
64,EUR_JPY,143.66,143.62,143.6359225,0.04,61.25,-2.72E-05
65,EUR_JPY,143.66,143.614,143.6411481,0.046,117.826087,3.64E-05
66,EUR_JPY,143.66,143.63,143.6407142,0.03,149,-3.00E-06
67,EUR_JPY,143.66777,143.64,143.6514313,0.02777,257.1119914,7.46E-05
68,EUR_JPY,143.666595,143.63,143.6480017,0.036595,220.2486679,-2.39E-05
69,EUR_JPY,143.686,143.638,143.6599827,0.048,215.2083333,8.34E-05
70,EUR_JPY,143.681735,143.66,143.6708548,0.021735,113.6415919,7.57E-05
71,EUR_JPY,143.69,143.63,143.6603824,0.06,260.1666667,-7.29E-05
72,EUR_JPY,143.6745,143.615,143.6517901,0.0595,95.29411765,-5.98E-05
73,EUR_JPY,143.702,143.64,143.6809136,0.062,86.77419355,0.0002027
74,EUR_JPY,143.725,143.69,143.7070175,0.035,124,0.0001817
75,EUR_JPY,143.7185,143.63,143.6744681,0.0885,101.0169492,-0.0002265
76,EUR_JPY,143.678,143.63,143.6535828,0.048,86.25,-0.0001454
77,EUR_JPY,143.648,143.58,143.6103384,0.068,74.70588235,-0.000301
78,EUR_JPY,143.62,143.527,143.5758083,0.093,37.74193548,-0.0002404
79,EUR_JPY,143.59168,143.533,143.5607637,0.05868,45.50102249,-0.0001048
80,EUR_JPY,143.63,143.5795,143.6016546,0.0505,91.48514851,0.0002848
81,EUR_JPY,143.622,143.547,143.5893183,0.075,65.6,-8.59E-05
82,EUR_JPY,143.635,143.58,143.6018014,0.055,66.36363636,8.69E-05
83,EUR_JPY,143.63,143.59,143.6114837,0.04,110.25,6.74E-05
84,EUR_JPY,143.62,143.59,143.6073016,0.03,177.3333333,-2.91E-05
85,EUR_JPY,143.655,143.59,143.6143665,0.065,110.3076923,4.92E-05
86,EUR_JPY,143.6125,143.566,143.591884,0.0465,64.7311828,-0.0001565
87,EUR_JPY,143.59,143.51,143.5486355,0.08,70.5,-0.0003012
88,EUR_JPY,143.56,143.51,143.5358543,0.05,54,-8.90E-05
89,EUR_JPY,143.5545,143.53,143.5423033,0.0245,161.2244898,4.49E-05
90,EUR_JPY,143.555,143.488,143.5202125,0.067,194.1791045,-0.0001539
91,EUR_JPY,143.491,143.4035,143.4431382,0.0875,55.54285714,-0.000537
92,EUR_JPY,143.4505,143.39,143.4256261,0.0605,52.23140496,-0.0001221
93,EUR_JPY,143.4865,143.427,143.4540067,0.0595,83.02521008,0.0001979
94,EUR_JPY,143.5,143.454375,143.478453,0.045625,96.65753425,0.0001704
95,EUR_JPY,143.48,143.444,143.4624385,0.036,136.1111111,-0.0001116
96,EUR_JPY,143.46,143.394,143.4226312,0.066,114.2424242,-0.0002775
97,EUR_JPY,143.44,143.3865,143.4160897,0.0535,73.64485981,-4.56E-05
98,EUR_JPY,143.454,143.41,143.4284758,0.044,129.3181818,8.64E-05
99,EUR_JPY,143.445,143.4,143.4229166,0.045,106.8888889,-3.88E-05
100,EUR_JPY,143.472,143.417145,143.4442171,0.054855,97.52985143,0.0001485
1,EUR_USD,1.03625,1.03595,1.0360846,0.0003,0,0
2,EUR_USD,1.03625,1.035595,1.0358903,0.000655,15938.9313,-0.0001875
3,EUR_USD,1.03665,1.03605,1.0362959,0.0006,8133.333333,0.0003915
4,EUR_USD,1.03665,1.036305,1.0364283,0.000345,16492.75362,0.0001278
5,EUR_USD,1.03655,1.0359,1.0361801,0.00065,13076.92308,-0.0002395
6,EUR_USD,1.03615,1.03581,1.0359304,0.00034,15029.41176,-0.000241
7,EUR_USD,1.03629,1.03583,1.035989,0.00046,21760.86957,5.66E-05
8,EUR_USD,1.03635,1.035925,1.0361145,0.000425,14376.47059,0.0001211
9,EUR_USD,1.03645,1.03565,1.0360923,0.0008,9287.5,-2.14E-05
10,EUR_USD,1.03605,1.03553,1.0358038,0.00052,6903.846154,-0.0002785
11,EUR_USD,1.03565,1.035325,1.0354362,0.000325,17630.76923,-0.0003549
12,EUR_USD,1.03565,1.03535,1.0354798,0.0003,19000,4.21E-05
13,EUR_USD,1.03565,1.03512,1.0352757,0.00053,20811.32075,-0.0001971
14,EUR_USD,1.03545,1.03502,1.0352122,0.00043,10767.44186,-6.13E-05
15,EUR_USD,1.03545,1.03515,1.035291,0.0003,17100,7.61E-05
16,EUR_USD,1.03555,1.03525,1.0354042,0.0003,27166.66667,0.0001093
17,EUR_USD,1.03545,1.03505,1.0352158,0.0004,18325,-0.000182
18,EUR_USD,1.03525,1.03479,1.0349641,0.00046,17869.56522,-0.0002431
19,EUR_USD,1.03515,1.03463,1.0348252,0.00052,11692.30769,-0.0001342
20,EUR_USD,1.03475,1.03445,1.0345994,0.0003,18300,-0.0002182
21,EUR_USD,1.03475,1.03445,1.0345477,0.0003,27733.33333,-5.00E-05
22,EUR_USD,1.03455,1.03365,1.0339959,0.0009,10566.66667,-0.0005334
23,EUR_USD,1.03405,1.03354,1.0337715,0.00051,5549.019608,-0.000217
24,EUR_USD,1.03385,1.033535,1.033713,0.000315,11936.50794,-5.66E-05
25,EUR_USD,1.03395,1.03357,1.0337347,0.00038,15815.78947,2.10E-05
26,EUR_USD,1.03385,1.03317,1.0335038,0.00068,11529.41176,-0.0002234
27,EUR_USD,1.03355,1.03303,1.0332732,0.00052,8173.076923,-0.0002231
28,EUR_USD,1.03365,1.03334,1.0334403,0.00031,10096.77419,0.0001617
29,EUR_USD,1.033585,1.03322,1.0333299,0.000365,18273.9726,-0.0001068
30,EUR_USD,1.03365,1.033285,1.0334175,0.000365,19260.27397,8.48E-05
31,EUR_USD,1.03375,1.03327,1.0334694,0.00048,15375,5.02E-05
32,EUR_USD,1.03405,1.03355,1.0337793,0.0005,8840,0.0002999
33,EUR_USD,1.03405,1.03375,1.0339461,0.0003,11633.33333,0.0001613
34,EUR_USD,1.03405,1.033425,1.0337093,0.000625,12624,-0.000229
35,EUR_USD,1.033565,1.03321,1.0333865,0.000355,10169.01408,-0.0003123
36,EUR_USD,1.03355,1.03325,1.0333778,0.0003,15866.66667,-8.40E-06
37,EUR_USD,1.03375,1.033325,1.0334796,0.000425,15035.29412,9.85E-05
38,EUR_USD,1.03371,1.03335,1.033502,0.00036,12833.33333,2.17E-05
39,EUR_USD,1.03385,1.03345,1.0336431,0.0004,15775,0.0001365
40,EUR_USD,1.03385,1.03359,1.0337073,0.00026,20000,6.21E-05
41,EUR_USD,1.03415,1.03365,1.0339275,0.0005,10920,0.000213
42,EUR_USD,1.03425,1.03395,1.0340619,0.0003,15233.33333,0.00013
43,EUR_USD,1.03415,1.03393,1.0340047,0.00022,31500,-5.53E-05
44,EUR_USD,1.034195,1.03395,1.0340251,0.000245,35551.02041,1.97E-05
45,EUR_USD,1.03435,1.034,1.0341271,0.00035,21800,9.86E-05
46,EUR_USD,1.03435,1.03395,1.034093,0.0004,15775,-3.30E-05
47,EUR_USD,1.03435,1.03405,1.034138,0.0003,15833.33333,4.35E-05
48,EUR_USD,1.03425,1.03395,1.0340343,0.0003,18333.33333,-0.0001003
49,EUR_USD,1.03415,1.03394,1.0340027,0.00021,22714.28571,-3.06E-05
50,EUR_USD,1.03435,1.03395,1.034105,0.0004,28175,9.89E-05
51,EUR_USD,1.03425,1.03395,1.0340421,0.0003,14200,-6.08E-05
52,EUR_USD,1.03435,1.03395,1.0340498,0.0004,15700,7.40E-06
53,EUR_USD,1.03425,1.03394,1.0340433,0.00031,14645.16129,-6.30E-06
54,EUR_USD,1.03415,1.033805,1.0339435,0.000345,12289.85507,-9.65E-05
55,EUR_USD,1.03415,1.033775,1.0339296,0.000375,16160,-1.34E-05
56,EUR_USD,1.03405,1.033775,1.0339048,0.000275,8290.909091,-2.40E-05
57,EUR_USD,1.03405,1.03375,1.0338724,0.0003,9500,-3.13E-05
58,EUR_USD,1.03405,1.03375,1.0339052,0.0003,22366.66667,3.17E-05
59,EUR_USD,1.03425,1.03378,1.0339708,0.00047,9638.297872,6.34E-05
60,EUR_USD,1.03455,1.034135,1.0342718,0.000415,10048.19277,0.0002911
61,EUR_USD,1.03439,1.03415,1.0342661,0.00024,22666.66667,-5.50E-06
62,EUR_USD,1.03445,1.03415,1.0342728,0.0003,33133.33333,6.50E-06
63,EUR_USD,1.03445,1.03405,1.0342151,0.0004,18750,-5.58E-05
64,EUR_USD,1.03435,1.033995,1.0341172,0.000355,9549.295775,-9.47E-05
65,EUR_USD,1.03425,1.034045,1.0341368,0.000205,15658.53659,1.90E-05
66,EUR_USD,1.03435,1.034115,1.0342049,0.000235,27574.46809,6.59E-05
67,EUR_USD,1.03445,1.03415,1.0342634,0.0003,19633.33333,5.66E-05
68,EUR_USD,1.03445,1.03415,1.0342846,0.0003,17800,2.05E-05
69,EUR_USD,1.03445,1.03415,1.0342694,0.0003,14900,-1.47E-05
70,EUR_USD,1.03445,1.03415,1.03429,0.0003,16466.66667,1.99E-05
71,EUR_USD,1.03445,1.034125,1.0342397,0.000325,18307.69231,-4.86E-05
72,EUR_USD,1.03435,1.03404,1.0341699,0.00031,19451.6129,-6.75E-05
73,EUR_USD,1.03425,1.03395,1.034067,0.0003,19566.66667,-9.95E-05
74,EUR_USD,1.03445,1.03405,1.0341791,0.0004,13550,0.0001084
75,EUR_USD,1.03465,1.03425,1.0343736,0.0004,13800,0.0001881
76,EUR_USD,1.03465,1.03433,1.0344701,0.00032,15687.5,9.33E-05
77,EUR_USD,1.03465,1.03435,1.0344492,0.0003,14966.66667,-2.02E-05
78,EUR_USD,1.03465,1.03435,1.0344693,0.0003,19266.66667,1.94E-05
79,EUR_USD,1.03475,1.03434,1.0345058,0.00041,17707.31707,3.53E-05
80,EUR_USD,1.03485,1.03441,1.034547,0.00044,10750,3.98E-05
81,EUR_USD,1.03475,1.03444,1.0345098,0.00031,11838.70968,-3.60E-05
82,EUR_USD,1.03465,1.03442,1.034503,0.00023,33304.34783,-6.60E-06
83,EUR_USD,1.03475,1.03425,1.0344495,0.0005,17260,-5.17E-05
84,EUR_USD,1.03455,1.03414,1.0342986,0.00041,10146.34146,-0.0001459
85,EUR_USD,1.03455,1.03415,1.0343097,0.0004,9100,1.07E-05
86,EUR_USD,1.03455,1.03425,1.0343485,0.0003,14233.33333,3.75E-05
87,EUR_USD,1.03455,1.03418,1.0343442,0.00037,16486.48649,-4.20E-06
88,EUR_USD,1.03455,1.03435,1.0344293,0.0002,34900,8.23E-05
89,EUR_USD,1.03465,1.03425,1.034385,0.0004,20350,-4.28E-05
90,EUR_USD,1.03455,1.0342,1.0343349,0.00035,13800,-4.84E-05
91,EUR_USD,1.03455,1.03425,1.0343636,0.0003,22066.66667,2.77E-05
92,EUR_USD,1.03475,1.03435,1.0345191,0.0004,12850,0.0001503
93,EUR_USD,1.03475,1.03445,1.0345799,0.0003,19166.66667,5.88E-05
94,EUR_USD,1.03475,1.03441,1.0345442,0.00034,19852.94118,-3.45E-05
95,EUR_USD,1.03495,1.03455,1.0347354,0.0004,14600,0.0001848
96,EUR_USD,1.03505,1.03477,1.0348967,0.00028,18571.42857,0.0001559
97,EUR_USD,1.03515,1.034755,1.034924,0.000395,19037.97468,2.64E-05
98,EUR_USD,1.03495,1.03471,1.0347813,0.00024,20291.66667,-0.0001379
99,EUR_USD,1.03505,1.03475,1.0348146,0.0003,25400,3.22E-05
100,EUR_USD,1.03495,1.03455,1.0346971,0.0004,17225,-0.0001135
1,GBP_EUR,1.157245,1.156855,1.1570891,0.00039,0,0
2,GBP_EUR,1.157035,1.1566,1.1568855,0.000435,18919.54023,-0.000176
3,GBP_EUR,1.1569,1.1564,1.1566655,0.0005,10120,-0.0001902
4,GBP_EUR,1.1568,1.15649,1.1566145,0.00031,13322.58065,-4.41E-05
5,GBP_EUR,1.1568,1.1564,1.1566599,0.0004,22325,3.93E-05
6,GBP_EUR,1.156515,1.1562,1.1564194,0.000315,20000,-0.0002079
7,GBP_EUR,1.1565,1.156,1.1562477,0.0005,17100,-0.0001485
8,GBP_EUR,1.1563,1.15564,1.1560306,0.00066,8424.242424,-0.0001878
9,GBP_EUR,1.1561,1.1555,1.155751,0.0006,6166.666667,-0.0002419
10,GBP_EUR,1.1562,1.1553,1.1558052,0.0009,4933.333333,4.69E-05
11,GBP_EUR,1.155625,1.1553,1.1554727,0.000325,10707.69231,-0.0002877
12,GBP_EUR,1.155505,1.1551,1.1553505,0.000405,13160.49383,-0.0001058
13,GBP_EUR,1.1556,1.1553,1.1554465,0.0003,22233.33333,8.31E-05
14,GBP_EUR,1.1559,1.155345,1.1556296,0.000555,13927.92793,0.0001585
15,GBP_EUR,1.155705,1.1554,1.1555717,0.000305,10721.31148,-5.01E-05
16,GBP_EUR,1.1557,1.155345,1.1555511,0.000355,22338.02817,-1.78E-05
17,GBP_EUR,1.1558,1.155485,1.1556022,0.000315,15936.50794,4.42E-05
18,GBP_EUR,1.1559,1.1555,1.1557298,0.0004,19750,0.0001104
19,GBP_EUR,1.156,1.1556,1.1558118,0.0004,13950,7.10E-05
20,GBP_EUR,1.1563,1.155705,1.1560533,0.000595,10352.94118,0.0002089
21,GBP_EUR,1.1564,1.1561,1.1562628,0.0003,12600,0.0001812
22,GBP_EUR,1.1564,1.1559,1.1561054,0.0005,19100,-0.0001361
23,GBP_EUR,1.156225,1.155725,1.1560048,0.0005,10940,-8.70E-05
24,GBP_EUR,1.156,1.1556,1.1557791,0.0004,11575,-0.0001952
25,GBP_EUR,1.1558,1.155565,1.1556542,0.000235,13702.12766,-0.0001081
26,GBP_EUR,1.155835,1.1554,1.1556451,0.000435,19310.34483,-7.90E-06
27,GBP_EUR,1.1561,1.155775,1.1558964,0.000325,13015.38462,0.0002175
28,GBP_EUR,1.1559,1.1557,1.155804,0.0002,23250,-7.99E-05
29,GBP_EUR,1.156,1.1556,1.1558194,0.0004,23975,1.33E-05
30,GBP_EUR,1.155945,1.1556,1.1558582,0.000345,14115.94203,3.36E-05
31,GBP_EUR,1.156015,1.1557,1.1558472,0.000315,15365.07937,-9.50E-06
32,GBP_EUR,1.155935,1.1555,1.1556979,0.000435,19310.34483,-0.0001292
33,GBP_EUR,1.155885,1.1555,1.1557118,0.000385,10675.32468,1.20E-05
34,GBP_EUR,1.156,1.1555,1.1557006,0.0005,12260,-9.70E-06
35,GBP_EUR,1.156,1.1554,1.1557371,0.0006,9266.666667,3.16E-05
36,GBP_EUR,1.1564,1.1557,1.1561554,0.0007,4457.142857,0.0003619
37,GBP_EUR,1.1563,1.1559,1.1561037,0.0004,6575,-4.47E-05
38,GBP_EUR,1.156405,1.1559,1.1561129,0.000505,9386.138614,8.00E-06
39,GBP_EUR,1.1565,1.156215,1.1563518,0.000285,12631.57895,0.0002066
40,GBP_EUR,1.156515,1.1563,1.1564,0.000215,17023.25581,4.17E-05
41,GBP_EUR,1.156405,1.156,1.1562495,0.000405,19111.11111,-0.0001301
42,GBP_EUR,1.156215,1.156,1.1561247,0.000215,16697.67442,-0.0001079
43,GBP_EUR,1.1563,1.1558,1.1560469,0.0005,18300,-6.73E-05
44,GBP_EUR,1.1563,1.156,1.1561688,0.0003,9733.333333,0.0001054
45,GBP_EUR,1.1562,1.1559,1.1560647,0.0003,23666.66667,-9.00E-05
46,GBP_EUR,1.1561,1.1556,1.1558943,0.0005,9740,-0.0001474
47,GBP_EUR,1.156,1.1556,1.1558762,0.0004,5750,-1.57E-05
48,GBP_EUR,1.156125,1.1558,1.1559828,0.000325,13907.69231,9.22E-05
49,GBP_EUR,1.156335,1.1559,1.1561831,0.000435,12643.67816,0.0001733
50,GBP_EUR,1.1565,1.1561,1.1562655,0.0004,14800,7.13E-05
51,GBP_EUR,1.1566,1.1562,1.1564145,0.0004,10300,0.0001289
52,GBP_EUR,1.15653,1.1562,1.156424,0.00033,10030.30303,8.20E-06
53,GBP_EUR,1.156925,1.15635,1.156608,0.000575,17321.73913,0.0001591
54,GBP_EUR,1.15691,1.15607,1.1564262,0.00084,7583.333333,-0.0001572
55,GBP_EUR,1.1566,1.156,1.1563378,0.0006,5283.333333,-7.64E-05
56,GBP_EUR,1.1562,1.1559,1.1560803,0.0003,8000,-0.0002227
57,GBP_EUR,1.15625,1.1558,1.1561027,0.00045,17777.77778,1.94E-05
58,GBP_EUR,1.15661,1.155855,1.1562162,0.000755,10013.24503,9.82E-05
59,GBP_EUR,1.156595,1.156,1.1562312,0.000595,6470.588235,1.30E-05
60,GBP_EUR,1.15631,1.1557,1.1558936,0.00061,9131.147541,-0.000292
61,GBP_EUR,1.1563,1.1558,1.1560338,0.0005,14400,0.0001213
62,GBP_EUR,1.156375,1.1559,1.1561132,0.000475,13536.84211,6.87E-05
63,GBP_EUR,1.156695,1.15606,1.1563659,0.000635,8535.433071,0.0002186
64,GBP_EUR,1.157,1.1564,1.1565633,0.0006,7366.666667,0.0001707
65,GBP_EUR,1.1566,1.1562,1.1564459,0.0004,13800,-0.0001015
66,GBP_EUR,1.1566,1.1561,1.1564713,0.0005,9560,2.20E-05
67,GBP_EUR,1.156675,1.1562,1.1564674,0.000475,7452.631579,-3.40E-06
68,GBP_EUR,1.15672,1.1563,1.1565115,0.00042,10500,3.81E-05
69,GBP_EUR,1.15664,1.1563,1.1564475,0.00034,9705.882353,-5.53E-05
70,GBP_EUR,1.1571,1.1564,1.15658,0.0007,6528.571429,0.0001146
71,GBP_EUR,1.1571,1.1566,1.1568054,0.0005,5800,0.0001949
72,GBP_EUR,1.1569,1.15633,1.156701,0.00057,8929.824561,-9.02E-05
73,GBP_EUR,1.1567,1.1564,1.1565239,0.0003,9766.666667,-0.0001531
74,GBP_EUR,1.1566,1.1564,1.1565111,0.0002,25400,-1.11E-05
75,GBP_EUR,1.156655,1.1563,1.1564892,0.000355,26394.3662,-1.89E-05
76,GBP_EUR,1.15673,1.1564,1.1565635,0.00033,14515.15152,6.42E-05
77,GBP_EUR,1.1566,1.1563,1.1564785,0.0003,21500,-7.35E-05
78,GBP_EUR,1.1566,1.1563,1.1564909,0.0003,13066.66667,1.07E-05
79,GBP_EUR,1.156535,1.1562,1.1563958,0.000335,17611.9403,-8.22E-05
80,GBP_EUR,1.1565,1.1563,1.1563935,0.0002,12250,-2.00E-06
81,GBP_EUR,1.1565,1.1562,1.1563927,0.0003,25433.33333,-7.00E-07
82,GBP_EUR,1.1565,1.156245,1.156368,0.000255,18705.88235,-2.14E-05
83,GBP_EUR,1.1565,1.1561,1.1563363,0.0004,17175,-2.74E-05
84,GBP_EUR,1.1565,1.1562,1.15636,0.0003,11466.66667,2.05E-05
85,GBP_EUR,1.1566,1.1564,1.1564927,0.0002,19050,0.0001148
86,GBP_EUR,1.1566,1.1563,1.156497,0.0003,25300,3.70E-06
87,GBP_EUR,1.1566,1.1563,1.1564624,0.0003,14433.33333,-2.99E-05
88,GBP_EUR,1.1565,1.1563,1.1563923,0.0002,25450,-6.06E-05
89,GBP_EUR,1.1565,1.1562,1.1563388,0.0003,15566.66667,-4.63E-05
90,GBP_EUR,1.1565,1.1562,1.1563656,0.0003,15800,2.32E-05
91,GBP_EUR,1.1566,1.1562,1.156412,0.0004,15900,4.01E-05
92,GBP_EUR,1.1567,1.1563,1.1564732,0.0004,8425,5.29E-05
93,GBP_EUR,1.1567,1.1564,1.1565274,0.0003,14033.33333,4.69E-05
94,GBP_EUR,1.1567,1.1565,1.1565705,0.0002,19050,3.73E-05
95,GBP_EUR,1.157,1.1566,1.1568093,0.0004,22625,0.0002065
96,GBP_EUR,1.1572,1.1567,1.156952,0.0005,8260,0.0001234
97,GBP_EUR,1.1572,1.1568,1.1570205,0.0004,9500,5.92E-05
98,GBP_EUR,1.157115,1.1569,1.1570513,0.000215,12883.72093,2.66E-05
99,GBP_EUR,1.1572,1.1569,1.1570813,0.0003,21700,2.59E-05
100,GBP_EUR,1.1572,1.1569,1.1570558,0.0003,14166.66667,-2.20E-05
1,USD_CAD,1.3461,1.345615,1.3457787,0.000485,0,0
2,USD_CAD,1.346465,1.345915,1.3461966,0.00055,8636.363636,0.0003105
3,USD_CAD,1.346465,1.34572,1.3461212,0.000745,6738.255034,-5.60E-05
4,USD_CAD,1.34605,1.34575,1.3458491,0.0003,11133.33333,-0.0002021
5,USD_CAD,1.34665,1.34585,1.3462598,0.0008,9675,0.0003052
6,USD_CAD,1.34675,1.34642,1.3465768,0.00033,10969.69697,0.0002355
7,USD_CAD,1.34675,1.346315,1.3464978,0.000435,18367.81609,-5.87E-05
8,USD_CAD,1.34705,1.346445,1.3467693,0.000605,9834.710744,0.0002016
9,USD_CAD,1.34755,1.346605,1.3469006,0.000945,4698.412698,9.75E-05
10,USD_CAD,1.347655,1.34695,1.3473249,0.000705,3929.078014,0.000315
11,USD_CAD,1.34795,1.34755,1.3477349,0.0004,8325,0.0003043
12,USD_CAD,1.34805,1.347645,1.3478106,0.000405,15407.40741,5.62E-05
13,USD_CAD,1.34865,1.34785,1.3480587,0.0008,7487.5,0.0001841
14,USD_CAD,1.34875,1.34815,1.348368,0.0006,5833.333333,0.0002294
15,USD_CAD,1.34875,1.34835,1.3485308,0.0004,9300,0.0001207
16,USD_CAD,1.34855,1.348195,1.3483705,0.000355,21183.09859,-0.0001189
17,USD_CAD,1.34835,1.34805,1.3481712,0.0003,21300,-0.0001478
18,USD_CAD,1.34855,1.34815,1.3482999,0.0004,19025,9.55E-05
19,USD_CAD,1.34865,1.34815,1.348409,0.0005,11000,8.09E-05
20,USD_CAD,1.34875,1.348245,1.3484643,0.000505,9069.306931,4.10E-05
21,USD_CAD,1.34875,1.34825,1.348468,0.0005,10580,2.70E-06
22,USD_CAD,1.34935,1.34835,1.3490476,0.001,5870,0.0004298
23,USD_CAD,1.349155,1.34865,1.3489289,0.000505,5920.792079,-8.80E-05
24,USD_CAD,1.34915,1.348845,1.3489261,0.000305,14918.03279,-2.10E-06
25,USD_CAD,1.34935,1.34885,1.3490424,0.0005,12720,8.62E-05
26,USD_CAD,1.349455,1.349135,1.3492598,0.00032,15093.75,0.0001612
27,USD_CAD,1.34955,1.349045,1.3492724,0.000505,12534.65347,9.30E-06
28,USD_CAD,1.34955,1.349135,1.3493257,0.000415,8698.795181,3.95E-05
29,USD_CAD,1.34965,1.34935,1.3494901,0.0003,21633.33333,0.0001218
30,USD_CAD,1.34945,1.34915,1.3492723,0.0003,20533.33333,-0.0001614
31,USD_CAD,1.34945,1.34905,1.3491922,0.0004,20300,-5.94E-05
32,USD_CAD,1.34925,1.34902,1.3491143,0.00023,21826.08696,-5.77E-05
33,USD_CAD,1.34935,1.34895,1.3491288,0.0004,23825,1.07E-05
34,USD_CAD,1.350165,1.349085,1.3496238,0.00108,5731.481481,0.0003669
35,USD_CAD,1.35045,1.34975,1.3500086,0.0007,3557.142857,0.0002851
36,USD_CAD,1.350465,1.350145,1.3503071,0.00032,7625,0.0002211
37,USD_CAD,1.35045,1.350105,1.3502871,0.000345,26028.98551,-1.48E-05
38,USD_CAD,1.35065,1.349905,1.3503454,0.000745,8577.181208,4.32E-05
39,USD_CAD,1.35005,1.349445,1.3497494,0.000605,5404.958678,-0.0004414
40,USD_CAD,1.34965,1.349325,1.3494397,0.000325,11446.15385,-0.0002295
41,USD_CAD,1.34965,1.34925,1.3494089,0.0004,14400,-2.28E-05
42,USD_CAD,1.349755,1.34915,1.3493527,0.000605,10462.80992,-4.16E-05
43,USD_CAD,1.35005,1.349505,1.3496958,0.000545,7431.192661,0.0002543
44,USD_CAD,1.34995,1.349525,1.3496946,0.000425,8211.764706,-9.00E-07
45,USD_CAD,1.34975,1.34945,1.3495722,0.0003,16500,-9.07E-05
46,USD_CAD,1.35005,1.34935,1.3496683,0.0007,9685.714286,7.12E-05
47,USD_CAD,1.35005,1.34975,1.3498476,0.0003,7466.666667,0.0001328
48,USD_CAD,1.35005,1.34975,1.3498883,0.0003,16600,3.02E-05
49,USD_CAD,1.35005,1.34939,1.3497864,0.00066,9575.757576,-7.55E-05
50,USD_CAD,1.34965,1.34925,1.3493788,0.0004,8925,-0.000302
51,USD_CAD,1.349555,1.34915,1.3493419,0.000405,12592.59259,-2.73E-05
52,USD_CAD,1.34965,1.34935,1.3494642,0.0003,14566.66667,9.06E-05
53,USD_CAD,1.34965,1.34935,1.3494497,0.0003,18633.33333,-1.07E-05
54,USD_CAD,1.35015,1.34945,1.349853,0.0007,13285.71429,0.0002989
55,USD_CAD,1.35005,1.34945,1.3497633,0.0006,5700,-6.65E-05
56,USD_CAD,1.35035,1.34854,1.3499835,0.00181,2939.226519,0.0001631
57,USD_CAD,1.349865,1.34925,1.3496113,0.000615,1837.398374,-0.0002757
58,USD_CAD,1.35005,1.34929,1.3496968,0.00076,4565.789474,6.34E-05
59,USD_CAD,1.34975,1.34933,1.3495339,0.00042,5119.047619,-0.0001207
60,USD_CAD,1.34965,1.34933,1.3494583,0.00032,13125,-5.60E-05
61,USD_CAD,1.34965,1.349235,1.3494475,0.000415,13734.93976,-8.00E-06
62,USD_CAD,1.34975,1.34933,1.3495256,0.00042,12642.85714,5.79E-05
63,USD_CAD,1.34975,1.34932,1.3494979,0.00043,8069.767442,-2.05E-05
64,USD_CAD,1.34965,1.34935,1.3494987,0.0003,6366.666667,6.00E-07
65,USD_CAD,1.34955,1.349285,1.3494496,0.000265,17773.58491,-3.64E-05
66,USD_CAD,1.34955,1.34925,1.3493616,0.0003,17366.66667,-6.52E-05
67,USD_CAD,1.34955,1.34925,1.3493502,0.0003,12100,-8.40E-06
68,USD_CAD,1.34945,1.34925,1.3493485,0.0002,24900,-1.30E-06
69,USD_CAD,1.34945,1.349235,1.3493203,0.000215,27488.37209,-2.09E-05
70,USD_CAD,1.34945,1.349145,1.349292,0.000305,20163.93443,-2.10E-05
71,USD_CAD,1.34945,1.34915,1.3492542,0.0003,9333.333333,-2.80E-05
72,USD_CAD,1.349535,1.34915,1.3492919,0.000385,16259.74026,2.79E-05
73,USD_CAD,1.34975,1.34935,1.3494955,0.0004,15275,0.0001509
74,USD_CAD,1.3497,1.34934,1.349402,0.00036,13888.88889,-6.93E-05
75,USD_CAD,1.34955,1.34925,1.3493858,0.0003,20633.33333,-1.20E-05
76,USD_CAD,1.34955,1.34925,1.3493502,0.0003,17566.66667,-2.64E-05
77,USD_CAD,1.34955,1.34915,1.3493578,0.0004,15575,5.60E-06
78,USD_CAD,1.34935,1.349,1.3491386,0.00035,16200,-0.0001624
79,USD_CAD,1.34925,1.34883,1.3489816,0.00042,13095.2381,-0.0001164
80,USD_CAD,1.34895,1.34872,1.3487991,0.00023,23130.43478,-0.0001353
81,USD_CAD,1.349125,1.34859,1.3487725,0.000535,22149.53271,-1.97E-05
82,USD_CAD,1.34935,1.34894,1.3491578,0.00041,12560.97561,0.0002857
83,USD_CAD,1.34945,1.34912,1.349222,0.00033,15727.27273,4.76E-05
84,USD_CAD,1.34955,1.349245,1.3493288,0.000305,14032.78689,7.92E-05
85,USD_CAD,1.34955,1.34895,1.3491406,0.0006,11716.66667,-0.0001395
86,USD_CAD,1.34935,1.34905,1.3491545,0.0003,11300,1.03E-05
87,USD_CAD,1.34935,1.349045,1.3491711,0.000305,16918.03279,1.23E-05
88,USD_CAD,1.34935,1.34905,1.3491844,0.0003,16066.66667,9.90E-06
89,USD_CAD,1.34945,1.34915,1.3493148,0.0003,22366.66667,9.67E-05
90,USD_CAD,1.34945,1.349005,1.3491247,0.000445,14314.60674,-0.0001409
91,USD_CAD,1.34955,1.34895,1.3492265,0.0006,8800,7.55E-05
92,USD_CAD,1.34955,1.34885,1.3492222,0.0007,5585.714286,-3.20E-06
93,USD_CAD,1.34905,1.34865,1.348785,0.0004,8650,-0.000324
94,USD_CAD,1.34905,1.34855,1.3487666,0.0005,13780,-1.36E-05
95,USD_CAD,1.34875,1.34829,1.3484602,0.00046,9130.434783,-0.0002272
96,USD_CAD,1.34855,1.34811,1.3482741,0.00044,13659.09091,-0.000138
97,USD_CAD,1.34845,1.34805,1.3482073,0.0004,11375,-4.95E-05
98,USD_CAD,1.34845,1.34812,1.348229,0.00033,16636.36364,1.61E-05
99,USD_CAD,1.34835,1.34795,1.3480892,0.0004,16275,-0.0001037
100,USD_CAD,1.34855,1.34805,1.3483237,0.0005,12200,0.0001739
1,USD_CZK,23.4846,23.4765,23.4789399,0.0081,0,0
2,USD_CZK,23.50755,23.4579,23.4831819,0.04965,292.0443102,0.0001807
3,USD_CZK,23.48795,23.4638,23.4727486,0.02415,111.3871636,-0.0004443
4,USD_CZK,23.47545,23.4532,23.4649254,0.02225,124.0449438,-0.0003333
5,USD_CZK,23.4817,23.45355,23.4702368,0.02815,142.0959147,0.0002264
6,USD_CZK,23.49355,23.47115,23.4796972,0.0224,151.3392857,0.0004031
7,USD_CZK,23.4934,23.4697,23.4786129,0.0237,189.4514768,-4.62E-05
8,USD_CZK,23.48,23.46265,23.4756057,0.01735,120.4610951,-0.0001281
9,USD_CZK,23.4881,23.44475,23.4766503,0.04335,185.467128,4.45E-05
10,USD_CZK,23.5074,23.46675,23.484499,0.04065,106.0270603,0.0003343
11,USD_CZK,23.51205,23.4858,23.4941089,0.02625,108.952381,0.0004092
12,USD_CZK,23.4942,23.4842,23.4922688,0.01,152,-7.83E-05
13,USD_CZK,23.5086,23.4877,23.495875,0.0209,303.8277512,0.0001535
14,USD_CZK,23.502,23.48515,23.4973778,0.01685,214.8367953,6.40E-05
15,USD_CZK,23.5034,23.4842,23.4972504,0.0192,113.0208333,-5.40E-06
16,USD_CZK,23.497,23.4815,23.4938482,0.0155,154.8387097,-0.0001448
17,USD_CZK,23.5007,23.493,23.4980189,0.0077,171.4285714,0.0001775
18,USD_CZK,23.5065,23.4974,23.5035987,0.0091,674.7252747,0.0002375
19,USD_CZK,23.51965,23.50135,23.5073511,0.0183,549.1803279,0.0001597
20,USD_CZK,23.515,23.5028,23.5122335,0.0122,160.6557377,0.0002077
21,USD_CZK,23.51535,23.5014,23.5125481,0.01395,278.8530466,1.34E-05
22,USD_CZK,23.5331,23.5133,23.5256851,0.0198,424.7474747,0.0005587
23,USD_CZK,23.537,23.525,23.5313937,0.012,282.5,0.0002427
24,USD_CZK,23.5412,23.52185,23.5314612,0.01935,322.4806202,2.90E-06
25,USD_CZK,23.534,23.5278,23.5310381,0.0062,269.3548387,-1.80E-05
26,USD_CZK,23.5445,23.52145,23.53462,0.02305,707.1583514,0.0001522
27,USD_CZK,23.5527,23.52945,23.5408499,0.02325,143.2258065,0.0002647
28,USD_CZK,23.54035,23.52685,23.5375639,0.0135,129.6296296,-0.0001396
29,USD_CZK,23.5439,23.535,23.5406058,0.0089,273.0337079,0.0001292
30,USD_CZK,23.5627,23.535,23.5415188,0.0277,324.9097473,3.88E-05
31,USD_CZK,23.55145,23.533,23.5400082,0.01845,117.6151762,-6.42E-05
32,USD_CZK,23.55045,23.51505,23.5326288,0.0354,147.740113,-0.0003135
33,USD_CZK,23.53935,23.51955,23.5285465,0.0198,68.68686869,-0.0001735
34,USD_CZK,23.54235,23.528,23.5340426,0.01435,380.4878049,0.0002336
35,USD_CZK,23.544,23.536,23.5400578,0.008,290,0.0002556
36,USD_CZK,23.5435,23.5353,23.5404829,0.0082,497.5609756,1.81E-05
37,USD_CZK,23.5528,23.532,23.5389301,0.0208,412.5,-6.60E-05
38,USD_CZK,23.54035,23.5323,23.5372732,0.00805,247.2049689,-7.04E-05
39,USD_CZK,23.53815,23.531,23.5351211,0.00715,693.7062937,-9.14E-05
40,USD_CZK,23.53585,23.531,23.5338212,0.00485,921.6494845,-5.52E-05
41,USD_CZK,23.5336,23.524,23.5300879,0.0096,781.25,-0.0001586
42,USD_CZK,23.5302,23.52,23.5275831,0.0102,665.6862745,-0.0001065
43,USD_CZK,23.5326,23.5165,23.5281361,0.0161,340.3726708,2.35E-05
44,USD_CZK,23.53165,23.51325,23.5263574,0.0184,289.673913,-7.56E-05
45,USD_CZK,23.5282,23.485,23.5244136,0.0432,177.0833333,-8.26E-05
46,USD_CZK,23.53235,23.519,23.5246868,0.01335,67.41573034,1.16E-05
47,USD_CZK,23.52545,23.522,23.5232751,0.00345,202.8985507,-6.00E-05
48,USD_CZK,23.5266,23.5232,23.5254922,0.0034,1008.823529,9.43E-05
49,USD_CZK,23.54385,23.524,23.5264008,0.01985,280.1007557,3.86E-05
50,USD_CZK,23.527,23.51005,23.5243881,0.01695,143.3628319,-8.56E-05
51,USD_CZK,23.528,23.523,23.5258029,0.005,224,6.01E-05
52,USD_CZK,23.529,23.5219,23.525734,0.0071,592.9577465,-2.90E-06
53,USD_CZK,23.53215,23.52135,23.526809,0.0108,683.3333333,4.57E-05
54,USD_CZK,23.5312,23.51235,23.5181164,0.01885,187.7984085,-0.0003695
55,USD_CZK,23.53395,23.5157,23.516609,0.01825,142.4657534,-6.41E-05
56,USD_CZK,23.53,23.5157,23.5166213,0.0143,102.0979021,5.00E-07
57,USD_CZK,23.5306,23.5067,23.5239978,0.0239,161.9246862,0.0003137
58,USD_CZK,23.5311,23.522,23.5282643,0.0091,112.0879121,0.0001814
59,USD_CZK,23.52805,23.51,23.5222829,0.01805,276.4542936,-0.0002542
60,USD_CZK,23.5191,23.509,23.5164536,0.0101,181.1881188,-0.0002478
61,USD_CZK,23.5199,23.51,23.5172838,0.0099,265.6565657,3.53E-05
62,USD_CZK,23.52,23.5137,23.5181696,0.0063,196.8253968,3.77E-05
63,USD_CZK,23.52245,23.498,23.5194297,0.02445,273.6196319,5.36E-05
64,USD_CZK,23.5223,23.52,23.5217858,0.0023,86.95652174,0.0001002
65,USD_CZK,23.5386,23.5202,23.5222315,0.0184,557.6086957,1.89E-05
66,USD_CZK,23.523,23.518,23.5208532,0.005,90,-5.86E-05
67,USD_CZK,23.5202,23.518,23.5188561,0.0022,636.3636364,-8.49E-05
68,USD_CZK,23.52,23.512,23.5176796,0.008,1101.25,-5.00E-05
69,USD_CZK,23.5161,23.5136,23.5154542,0.0025,284,-9.46E-05
70,USD_CZK,23.5183,23.5119,23.5149358,0.0064,996.875,-2.20E-05
71,USD_CZK,23.52115,23.5119,23.5158586,0.00925,656.2162162,3.92E-05
72,USD_CZK,23.5234,23.513,23.5184246,0.0104,329.8076923,0.0001091
73,USD_CZK,23.52305,23.50595,23.5198329,0.0171,304.6783626,5.99E-05
74,USD_CZK,23.5216,23.514,23.5197158,0.0076,126.3157895,-5.00E-06
75,USD_CZK,23.5184,23.509,23.5152317,0.0094,526.5957447,-0.0001907
76,USD_CZK,23.51485,23.509,23.5123994,0.00585,509.4017094,-0.0001204
77,USD_CZK,23.5144,23.509,23.5124139,0.0054,761.1111111,6.00E-07
78,USD_CZK,23.515,23.507,23.5112243,0.008,596.25,-5.06E-05
79,USD_CZK,23.5157,23.508,23.5118233,0.0077,461.038961,2.55E-05
80,USD_CZK,23.5139,23.50255,23.5100611,0.01135,358.5903084,-7.49E-05
81,USD_CZK,23.51965,23.508,23.5111735,0.01165,258.3690987,4.73E-05
82,USD_CZK,23.51865,23.49865,23.5114936,0.02,202.5,1.36E-05
83,USD_CZK,23.51925,23.50765,23.5124503,0.0116,147.4137931,4.07E-05
84,USD_CZK,23.5189,23.514,23.5159983,0.0049,220.4081633,0.0001509
85,USD_CZK,23.5205,23.515,23.5166162,0.0055,832.7272727,2.63E-05
86,USD_CZK,23.5186,23.506,23.5149726,0.0126,430.952381,-6.99E-05
87,USD_CZK,23.55145,23.513,23.5165053,0.03845,99.86996099,6.52E-05
88,USD_CZK,23.5159,23.5103,23.5140511,0.0056,117.8571429,-0.0001044
89,USD_CZK,23.5179,23.4954,23.5150003,0.0225,279.5555556,4.04E-05
90,USD_CZK,23.53085,23.51,23.5165008,0.02085,90.64748201,6.38E-05
91,USD_CZK,23.52545,23.49775,23.5127168,0.0277,220.5776173,-0.0001609
92,USD_CZK,23.5276,23.50185,23.5111507,0.02575,106.7961165,-6.66E-05
93,USD_CZK,23.51175,23.506,23.50916,0.00575,106.0869565,-8.47E-05
94,USD_CZK,23.5136,23.4865,23.5093722,0.0271,421.7712177,9.00E-06
95,USD_CZK,23.5172,23.501,23.5067664,0.0162,122.8395062,-0.0001108
96,USD_CZK,23.5169,23.498,23.5019214,0.0189,180.952381,-0.0002061
97,USD_CZK,23.5049,23.483,23.5002115,0.0219,153.8812785,-7.28E-05
98,USD_CZK,23.51505,23.5,23.5048514,0.01505,227.2425249,0.0001974
99,USD_CZK,23.51325,23.493,23.5060264,0.02025,136.2962963,5.00E-05
100,USD_CZK,23.5161,23.509,23.5140953,0.0071,202.8169014,0.0003433
1,USD_INR,81.65515,81.6305,81.6472653,0.02465,0,0
2,USD_INR,81.68765,81.63025,81.6629069,0.0574,304.7038328,0.0001916
3,USD_INR,81.68015,81.64555,81.6659332,0.0346,103.1791908,3.71E-05
4,USD_INR,81.67345,81.65755,81.6691347,0.0159,83.64779874,3.92E-05
5,USD_INR,81.67635,81.65855,81.6733872,0.0178,178.6516854,5.21E-05
6,USD_INR,81.67635,81.6485,81.6595158,0.02785,322.0825853,-0.0001698
7,USD_INR,81.67635,81.65015,81.668619,0.0262,153.0534351,0.0001115
8,USD_INR,81.67635,81.6555,81.6724174,0.02085,117.5059952,4.65E-05
9,USD_INR,81.67685,81.6505,81.6712872,0.02635,149.9051233,-1.38E-05
10,USD_INR,81.68705,81.66025,81.6776717,0.0268,247.761194,7.82E-05
11,USD_INR,81.68605,81.65545,81.6721682,0.0306,118.3006536,-6.74E-05
12,USD_INR,81.68055,81.6555,81.6699343,0.02505,138.1237525,-2.74E-05
13,USD_INR,81.68255,81.66395,81.676045,0.0186,325.8064516,7.48E-05
14,USD_INR,81.68085,81.66275,81.6723811,0.0181,162.9834254,-4.49E-05
15,USD_INR,81.68405,81.6555,81.6744703,0.02855,250.4378284,2.56E-05
16,USD_INR,81.68355,81.6555,81.6745674,0.02805,106.9518717,1.20E-06
17,USD_INR,81.68505,81.65545,81.6732174,0.0296,165.2027027,-1.65E-05
18,USD_INR,81.68605,81.6505,81.6715685,0.03555,236.8495077,-2.02E-05
19,USD_INR,81.68655,81.67215,81.6825878,0.0144,193.75,0.0001349
20,USD_INR,81.68655,81.67215,81.6830533,0.0144,318.0555556,5.70E-06
21,USD_INR,81.68705,81.67235,81.6849614,0.0147,187.0748299,2.34E-05
22,USD_INR,81.69415,81.67225,81.6881989,0.0219,265.2968037,3.96E-05
23,USD_INR,81.69365,81.67495,81.6923517,0.0187,71.65775401,5.08E-05
24,USD_INR,81.69615,81.67505,81.68953,0.0211,217.0616114,-3.45E-05
25,USD_INR,81.69615,81.66895,81.6845664,0.0272,213.2352941,-6.08E-05
26,USD_INR,81.69565,81.67495,81.6892386,0.0207,152.6570048,5.72E-05
27,USD_INR,81.69565,81.67455,81.6923442,0.0211,145.0236967,3.80E-05
28,USD_INR,81.69565,81.67315,81.6884394,0.0225,252.8888889,-4.78E-05
29,USD_INR,81.69515,81.67305,81.6858031,0.0221,336.199095,-3.23E-05
30,USD_INR,81.69015,81.67375,81.6888306,0.0164,34.14634146,3.71E-05
31,USD_INR,81.69015,81.67185,81.6846031,0.0183,159.5628415,-5.18E-05
32,USD_INR,81.68665,81.67125,81.6835594,0.0154,75.32467532,-1.28E-05
33,USD_INR,81.68265,81.67095,81.681195,0.0117,49.57264957,-2.89E-05
34,USD_INR,81.68165,81.68165,81.68165,0,N/A,5.60E-06
35,USD_INR,81.68165,81.66905,81.6746175,0.0126,0,-8.61E-05
36,USD_INR,81.68165,81.67005,81.6768172,0.0116,257.7586207,2.69E-05
37,USD_INR,81.67965,81.65015,81.6692007,0.0295,325.7627119,-9.33E-05
38,USD_INR,81.67815,81.65825,81.6739953,0.0199,102.5125628,5.87E-05
39,USD_INR,81.67465,81.65785,81.6701856,0.0168,95.83333333,-4.66E-05
40,USD_INR,81.67415,81.65805,81.6719147,0.0161,46.58385093,2.12E-05
41,USD_INR,81.67415,81.65805,81.6727794,0.0161,48.44720497,1.06E-05
42,USD_INR,81.67415,81.64545,81.6602578,0.0287,139.3728223,-0.0001533
43,USD_INR,81.65615,81.65075,81.6533083,0.0054,18.51851852,-8.51E-05
44,USD_INR,81.65365,81.64965,81.6514125,0.004,190,-2.32E-05
45,USD_INR,81.65215,81.64965,81.6499822,0.0025,352,-1.75E-05
46,USD_INR,81.65315,81.65075,81.6512689,0.0024,591.6666667,1.58E-05
47,USD_INR,81.65365,81.65065,81.6523978,0.003,1060,1.38E-05
48,USD_INR,81.65465,81.65075,81.6522036,0.0039,1417.948718,-2.40E-06
49,USD_INR,81.65415,81.64965,81.6508225,0.0045,753.3333333,-1.69E-05
50,USD_INR,81.65215,81.65075,81.65208,0.0014,78.57142857,1.54E-05
51,USD_INR,81.65215,81.64965,81.6500464,0.0025,512,-2.49E-05
52,USD_INR,81.64965,81.64965,81.64965,0,N/A,-4.90E-06
53,USD_INR,81.64965,81.64965,81.64965,0,N/A,0
54,USD_INR,81.64965,81.62135,81.6247078,0.0283,0,-0.0003055
55,USD_INR,81.64245,81.62135,81.636905,0.0211,39.81042654,0.0001494
56,USD_INR,81.64055,81.62135,81.6234833,0.0192,18.22916667,-0.0001644
57,USD_INR,81.62135,81.62135,81.62135,0,N/A,-2.61E-05
58,USD_INR,81.62135,81.62135,81.62135,0,N/A,0
59,USD_INR,81.62135,81.62135,81.62135,0,N/A,0
60,USD_INR,81.62135,81.62135,81.62135,0,N/A,0
61,USD_INR,81.62135,81.62135,81.62135,0,N/A,0
62,USD_INR,81.62135,81.62135,81.62135,0,N/A,0
63,USD_INR,81.62135,81.62135,81.62135,0,N/A,0
64,USD_INR,81.62135,81.62135,81.62135,0,N/A,0
65,USD_INR,81.62135,81.62135,81.62135,0,N/A,0
66,USD_INR,81.62135,81.62135,81.62135,0,N/A,0
67,USD_INR,81.62135,81.62135,81.62135,0,N/A,0
68,USD_INR,81.62135,81.62135,81.62135,0,N/A,0
69,USD_INR,81.62135,81.62135,81.62135,0,N/A,0
70,USD_INR,81.62135,81.62135,81.62135,0,N/A,0
71,USD_INR,81.62135,81.62135,81.62135,0,N/A,0
72,USD_INR,81.65055,81.62135,81.6287139,0.0292,0,9.02E-05
73,USD_INR,81.65055,81.65055,81.65055,0,N/A,0.0002675
74,USD_INR,81.65055,81.65055,81.65055,0,N/A,0
75,USD_INR,81.65055,81.65055,81.65055,0,N/A,0
76,USD_INR,81.65055,81.65055,81.65055,0,N/A,0
77,USD_INR,81.65055,81.65055,81.65055,0,N/A,0
78,USD_INR,81.65055,81.65055,81.65055,0,N/A,0
79,USD_INR,81.65055,81.65055,81.65055,0,N/A,0
80,USD_INR,81.65055,81.65055,81.65055,0,N/A,0
81,USD_INR,81.65055,81.65055,81.65055,0,N/A,0
82,USD_INR,81.65055,81.65055,81.65055,0,N/A,0
83,USD_INR,81.65055,81.65055,81.65055,0,N/A,0
84,USD_INR,81.65055,81.65055,81.65055,0,N/A,0
85,USD_INR,81.65055,81.65055,81.65055,0,N/A,0
86,USD_INR,81.65055,81.65055,81.65055,0,N/A,0
87,USD_INR,81.65055,81.65055,81.65055,0,N/A,0
88,USD_INR,81.65055,81.65055,81.65055,0,N/A,0
89,USD_INR,81.65055,81.65055,81.65055,0,N/A,0
90,USD_INR,81.65055,81.65055,81.65055,0,N/A,0
91,USD_INR,81.65055,81.65055,81.65055,0,N/A,0
92,USD_INR,81.65055,81.65055,81.65055,0,N/A,0
93,USD_INR,81.65055,81.65055,81.65055,0,N/A,0
94,USD_INR,81.65055,81.65055,81.65055,0,N/A,0
95,USD_INR,81.65055,81.65055,81.65055,0,N/A,0
96,USD_INR,81.65055,81.65055,81.65055,0,N/A,0
97,USD_INR,81.65055,81.65055,81.65055,0,N/A,0
98,USD_INR,81.65105,81.65055,81.6508014,0.0005,0,3.10E-06
99,USD_INR,81.65105,81.65105,81.65105,0,N/A,3.00E-06
100,USD_INR,81.65105,81.65105,81.65105,0,N/A,0
1,USD_JPY,138.9905,138.951,138.9718306,0.0395,0,0
2,USD_JPY,139.005,138.936,138.9765264,0.069,64.7826087,3.38E-05
3,USD_JPY,138.9445,138.861,138.9092847,0.0835,30.17964072,-0.0004838
4,USD_JPY,138.8825,138.853,138.8708431,0.0295,58.6440678,-0.0002767
5,USD_JPY,138.9345,138.8595,138.8891333,0.075,94.66666667,0.0001317
6,USD_JPY,138.9455,138.9125,138.9270931,0.033,60.90909091,0.0002733
7,USD_JPY,138.9675,138.938,138.9511792,0.0295,165.4237288,0.0001734
8,USD_JPY,138.985,138.944,138.9681556,0.041,147.3170732,0.0001222
9,USD_JPY,139.0105,138.968,138.9845861,0.0425,93.88235294,0.0001182
10,USD_JPY,138.97,138.9185,138.9402347,0.0515,96.89320388,-0.0003191
11,USD_JPY,138.9475,138.895,138.9286042,0.0525,54.47619048,-8.37E-05
12,USD_JPY,138.912,138.867,138.8917861,0.045,68,-0.000265
13,USD_JPY,138.9105,138.8545,138.8787236,0.056,58.75,-9.40E-05
14,USD_JPY,138.925,138.899,138.9152903,0.026,98.84615385,0.0002633
15,USD_JPY,138.908,138.8385,138.8780514,0.0695,74.96402878,-0.0002681
16,USD_JPY,138.875,138.84,138.8540486,0.035,78,-0.0001728
17,USD_JPY,138.876,138.8495,138.863675,0.0265,92.83018868,6.93E-05
18,USD_JPY,138.906,138.866,138.888975,0.04,95.75,0.0001822
19,USD_JPY,138.912,138.892,138.9033514,0.02,197.5,0.0001035
20,USD_JPY,138.912,138.875,138.8931625,0.037,158.3783784,-7.34E-05
21,USD_JPY,138.8865,138.821,138.8587333,0.0655,84.27480916,-0.0002479
22,USD_JPY,138.925,138.818,138.8765722,0.107,41.30841121,0.0001285
23,USD_JPY,138.961,138.855,138.8944583,0.106,20,0.0001288
24,USD_JPY,138.9535,138.924,138.9349181,0.0295,48.81355932,0.0002913
25,USD_JPY,138.9605,138.923,138.9398958,0.0375,165.8666667,3.58E-05
26,USD_JPY,138.9675,138.93,138.9489792,0.0375,158.1333333,6.54E-05
27,USD_JPY,138.95,138.899,138.9198,0.051,110.7843137,-0.00021
28,USD_JPY,138.926,138.915,138.9220222,0.011,127.2727273,1.60E-05
29,USD_JPY,138.925,138.8745,138.9124278,0.0505,166.5346535,-6.91E-05
30,USD_JPY,138.895,138.87,138.8833667,0.025,106.4,-0.0002092
31,USD_JPY,138.883,138.8325,138.8616569,0.0505,127.3267327,-0.0001563
32,USD_JPY,138.86,138.8235,138.8420611,0.0365,60,-0.0001411
33,USD_JPY,138.866,138.849,138.8586625,0.017,144.1176471,0.0001196
34,USD_JPY,138.91,138.846,138.8778458,0.064,94.6875,0.0001381
35,USD_JPY,138.925,138.895,138.9072611,0.03,70,0.0002118
36,USD_JPY,138.9375,138.9005,138.9125597,0.037,127.5675676,3.81E-05
37,USD_JPY,138.9705,138.9175,138.9455944,0.053,89.43396226,0.0002378
38,USD_JPY,138.97,138.913,138.9416819,0.057,41.92982456,-2.82E-05
39,USD_JPY,138.929,138.874,138.902775,0.055,43.81818182,-0.00028
40,USD_JPY,138.9015,138.869,138.8822208,0.0325,74.76923077,-0.000148
41,USD_JPY,138.89,138.8705,138.8783958,0.0195,190.2564103,-2.75E-05
42,USD_JPY,138.9235,138.869,138.895475,0.0545,206.7889908,0.000123
43,USD_JPY,138.912,138.8735,138.8969319,0.0385,52.98701299,1.05E-05
44,USD_JPY,138.9115,138.884,138.904775,0.0275,98.18181818,5.65E-05
45,USD_JPY,138.914,138.886,138.8989333,0.028,120,-4.21E-05
46,USD_JPY,138.9025,138.885,138.8930861,0.0175,96.57142857,-4.21E-05
47,USD_JPY,138.9075,138.882,138.895275,0.0255,158.0392157,1.58E-05
48,USD_JPY,138.913,138.892,138.9052708,0.021,112.3809524,7.20E-05
49,USD_JPY,138.9085,138.885,138.8994208,0.0235,166.3829787,-4.21E-05
50,USD_JPY,138.917,138.898,138.9062319,0.019,208.9473684,4.90E-05
51,USD_JPY,138.9175,138.903,138.9139139,0.0145,248.2758621,5.53E-05
52,USD_JPY,138.92,138.9035,138.9123417,0.0165,280.6060606,-1.13E-05
53,USD_JPY,138.9235,138.9055,138.9173069,0.018,283.3333333,3.57E-05
54,USD_JPY,138.962,138.919,138.9426917,0.043,265.5813953,0.0001827
55,USD_JPY,138.9365,138.885,138.9087278,0.0515,70.09708738,-0.0002444
56,USD_JPY,138.9375,138.884,138.9066639,0.0535,40.93457944,-1.49E-05
57,USD_JPY,138.936,138.909,138.9201181,0.027,60.37037037,9.69E-05
58,USD_JPY,138.9205,138.9125,138.9153764,0.008,96.25,-3.41E-05
59,USD_JPY,138.916,138.865,138.9041306,0.051,92.35294118,-8.10E-05
60,USD_JPY,138.903,138.875,138.8815681,0.028,52.14285714,-0.0001624
61,USD_JPY,138.895,138.873,138.8820014,0.022,113.1818182,3.10E-06
62,USD_JPY,138.8895,138.86,138.8729069,0.0295,169.1525424,-6.55E-05
63,USD_JPY,138.9025,138.843,138.8874153,0.0595,179.3277311,0.0001045
64,USD_JPY,138.9145,138.889,138.9005181,0.0255,96.8627451,9.43E-05
65,USD_JPY,138.9115,138.8745,138.9003639,0.037,134.0540541,-1.10E-06
66,USD_JPY,138.9045,138.893,138.8966694,0.0115,133.9130435,-2.66E-05
67,USD_JPY,138.9,138.8935,138.8972694,0.0065,540,4.30E-06
68,USD_JPY,138.897,138.855,138.8863306,0.042,240.952381,-7.88E-05
69,USD_JPY,138.926,138.882,138.9007014,0.044,118.6363636,0.0001035
70,USD_JPY,138.915,138.9085,138.9114931,0.0065,89.23076923,7.77E-05
71,USD_JPY,138.917,138.893,138.906725,0.024,987.9166667,-3.43E-05
72,USD_JPY,138.926,138.8955,138.9097625,0.0305,220.6557377,2.19E-05
73,USD_JPY,138.975,138.9135,138.9470736,0.0615,60.32520325,0.0002686
74,USD_JPY,138.965,138.954,138.95805,0.011,107.2727273,7.90E-05
75,USD_JPY,138.954,138.855,138.9015958,0.099,47.87878788,-0.0004063
76,USD_JPY,138.8855,138.8555,138.8670986,0.03,53.33333333,-0.0002484
77,USD_JPY,138.868,138.809,138.8275653,0.059,95.76271186,-0.0002847
78,USD_JPY,138.829,138.7495,138.7915583,0.0795,52.70440252,-0.0002594
79,USD_JPY,138.795,138.7525,138.7743903,0.0425,36.94117647,-0.0001237
80,USD_JPY,138.826,138.75,138.8056819,0.076,52.63157895,0.0002255
81,USD_JPY,138.837,138.755,138.7995542,0.082,28.04878049,-4.41E-05
82,USD_JPY,138.8305,138.789,138.8122444,0.0415,45.30120482,9.14E-05
83,USD_JPY,138.845,138.8095,138.828275,0.0355,72.3943662,0.0001155
84,USD_JPY,138.859,138.834,138.8439361,0.025,84,0.0001128
85,USD_JPY,138.858,138.836,138.8506931,0.022,173.1818182,4.87E-05
86,USD_JPY,138.8455,138.798,138.8238375,0.0475,131.1578947,-0.0001934
87,USD_JPY,138.815,138.739,138.7832306,0.076,36.71052632,-0.0002925
88,USD_JPY,138.781,138.743,138.7600556,0.038,39.47368421,-0.000167
89,USD_JPY,138.795,138.75,138.7721083,0.045,64.22222222,8.69E-05
90,USD_JPY,138.767,138.7235,138.7560139,0.0435,60.91954023,-0.000116
91,USD_JPY,138.725,138.64,138.6779264,0.085,71.52941176,-0.0005628
92,USD_JPY,138.659,138.6085,138.6401264,0.0505,52.87128713,-0.0002726
93,USD_JPY,138.6955,138.6335,138.6601694,0.062,67.90322581,0.0001446
94,USD_JPY,138.72,138.6575,138.6886931,0.0625,57.28,0.0002057
95,USD_JPY,138.664,138.6055,138.647075,0.0585,35.72649573,-0.0003001
96,USD_JPY,138.6165,138.545,138.5871681,0.0715,50.62937063,-0.0004321
97,USD_JPY,138.599,138.5415,138.5777403,0.0575,39.82608696,-6.80E-05
98,USD_JPY,138.6325,138.5815,138.6075847,0.051,66.07843137,0.0002154
99,USD_JPY,138.6155,138.5765,138.5981833,0.039,53.84615385,-6.78E-05
100,USD_JPY,138.6635,138.6,138.6341917,0.0635,82.20472441,0.0002598
1,USD_MXN,19.30954,19.3026,19.306352,0.00694,0,0
2,USD_MXN,19.3089,19.30402,19.3072884,0.00488,461.0655738,4.85E-05
3,USD_MXN,19.3059,19.29947,19.3031807,0.00643,553.6547434,-0.0002128
4,USD_MXN,19.3038,19.29943,19.3009082,0.00437,750.5720824,-0.0001177
5,USD_MXN,19.304095,19.29819,19.3010728,0.005905,851.8204911,8.50E-06
6,USD_MXN,19.3008,19.2956,19.2986026,0.0052,634.6153846,-0.000128
7,USD_MXN,19.3008,19.2966,19.2990305,0.0042,607.1428571,2.22E-05
8,USD_MXN,19.300995,19.29558,19.2972516,0.005415,794.0904894,-9.22E-05
9,USD_MXN,19.300835,19.2963,19.2974535,0.004535,346.1962514,1.05E-05
10,USD_MXN,19.30454,19.29909,19.3013785,0.00545,598.1651376,0.0002034
11,USD_MXN,19.3052,19.3001,19.3031675,0.0051,533.3333333,9.27E-05
12,USD_MXN,19.30111,19.29913,19.3003043,0.00198,1333.333333,-0.0001483
13,USD_MXN,19.3024,19.2998,19.3007064,0.0026,3073.076923,2.08E-05
14,USD_MXN,19.30179,19.3005,19.3009879,0.00129,3209.302326,1.46E-05
15,USD_MXN,19.30239,19.29697,19.3006477,0.00542,1463.099631,-1.76E-05
16,USD_MXN,19.3011,19.2979,19.3003332,0.0032,606.25,-1.63E-05
17,USD_MXN,19.3053,19.29527,19.3001093,0.01003,543.3698903,-1.16E-05
18,USD_MXN,19.3064,19.29596,19.3046577,0.01044,454.0229885,0.0002357
19,USD_MXN,19.3095,19.3045,19.3060213,0.005,200,7.06E-05
20,USD_MXN,19.3104,19.3013,19.3062367,0.0091,417.5824176,1.12E-05
21,USD_MXN,19.3024,19.2972,19.3008336,0.0052,411.5384615,-0.0002799
22,USD_MXN,19.302265,19.297,19.30018,0.005265,678.0626781,-3.39E-05
23,USD_MXN,19.3021,19.30041,19.3012391,0.00169,1378.698225,5.49E-05
24,USD_MXN,19.30616,19.30062,19.3032135,0.00554,1731.046931,0.0001023
25,USD_MXN,19.30875,19.30472,19.3053805,0.00403,568.2382134,0.0001123
26,USD_MXN,19.30583,19.30396,19.3049518,0.00187,1032.085561,-2.22E-05
27,USD_MXN,19.30539,19.30124,19.3039401,0.00415,1462.650602,-5.24E-05
28,USD_MXN,19.30247,19.301,19.3015876,0.00147,1244.897959,-0.0001219
29,USD_MXN,19.3026,19.30017,19.3013754,0.00243,3016.460905,-1.10E-05
30,USD_MXN,19.30919,19.30163,19.3074036,0.00756,441.7989418,0.0003123
31,USD_MXN,19.30836,19.298645,19.3047923,0.009715,319.0941843,-0.0001352
32,USD_MXN,19.3054,19.30418,19.3047443,0.00122,524.5901639,-2.50E-06
33,USD_MXN,19.308685,19.298665,19.3071788,0.01002,1491.017964,0.0001261
34,USD_MXN,19.31245,19.29852,19.3083461,0.01393,227.5664034,6.05E-05
35,USD_MXN,19.3159,19.30876,19.3121847,0.00714,285.7142857,0.0001988
36,USD_MXN,19.3159,19.3138,19.3152333,0.0021,833.3333333,0.0001579
37,USD_MXN,19.3155,19.31158,19.3124291,0.00392,2390.306122,-0.0001452
38,USD_MXN,19.31715,19.31078,19.3150924,0.00637,843.0141287,0.0001379
39,USD_MXN,19.317,19.3132,19.315273,0.0038,810.5263158,9.40E-06
40,USD_MXN,19.31621,19.29908,19.3133018,0.01713,464.6818447,-0.0001021
41,USD_MXN,19.31679,19.30014,19.3077375,0.01665,124.9249249,-0.0002881
42,USD_MXN,19.31683,19.307065,19.3120826,0.009765,124.9359959,0.000225
43,USD_MXN,19.31662,19.29975,19.3099357,0.01687,228.8085359,-0.0001112
44,USD_MXN,19.3104,19.30382,19.3093078,0.00658,194.5288754,-3.25E-05
45,USD_MXN,19.3105,19.3073,19.3092604,0.0032,778.125,-2.50E-06
46,USD_MXN,19.30792,19.30455,19.306336,0.00337,1451.038576,-0.0001515
47,USD_MXN,19.3084,19.29917,19.3030058,0.00923,523.2936078,-0.0001725
48,USD_MXN,19.30233,19.29888,19.3006051,0.00345,379.7101449,-0.0001244
49,USD_MXN,19.303335,19.294685,19.2998619,0.00865,465.8959538,-3.85E-05
50,USD_MXN,19.30078,19.2939,19.2997292,0.00688,293.6046512,-6.90E-06
51,USD_MXN,19.3018,19.295315,19.3009159,0.006485,459.5219738,6.15E-05
52,USD_MXN,19.3017,19.295975,19.3004968,0.005725,303.930131,-2.17E-05
53,USD_MXN,19.301285,19.29887,19.3003527,0.002415,356.1076605,-7.50E-06
54,USD_MXN,19.310775,19.29515,19.3075053,0.015625,183.04,0.0003706
55,USD_MXN,19.3097,19.306,19.3086251,0.0037,291.8918919,5.80E-05
56,USD_MXN,19.3133,19.3083,19.3121144,0.005,886,0.0001807
57,USD_MXN,19.3134,19.3129,19.3132557,0.0005,560,5.91E-05
58,USD_MXN,19.3133,19.3091,19.3124422,0.0042,2988.095238,-4.21E-05
59,USD_MXN,19.31285,19.307925,19.3116927,0.004925,966.4974619,-3.88E-05
60,USD_MXN,19.31285,19.309285,19.3121266,0.003565,311.3604488,2.25E-05
61,USD_MXN,19.3129,19.3121,19.3121839,0.0008,325,3.00E-06
62,USD_MXN,19.3129,19.30975,19.312095,0.00315,2422.222222,-4.60E-06
63,USD_MXN,19.313,19.30529,19.3107193,0.00771,1507.133593,-7.12E-05
64,USD_MXN,19.313,19.30532,19.3080584,0.00768,933.59375,-0.0001378
65,USD_MXN,19.313,19.304315,19.3089446,0.008685,997.1214738,4.59E-05
66,USD_MXN,19.313,19.303885,19.3092807,0.009115,593.527153,1.74E-05
67,USD_MXN,19.3129,19.304335,19.3075145,0.008565,661.9964974,-9.15E-05
68,USD_MXN,19.3129,19.30604,19.3094697,0.00686,578.7172012,0.0001013
69,USD_MXN,19.3131,19.305085,19.3089199,0.008015,815.9700561,-2.85E-05
70,USD_MXN,19.313,19.30422,19.3089033,0.00878,648.0637813,-9.00E-07
71,USD_MXN,19.31265,19.304435,19.3085862,0.008215,891.0529519,-1.64E-05
72,USD_MXN,19.313485,19.3038,19.3088827,0.009685,781.6210635,1.54E-05
73,USD_MXN,19.31274,19.307155,19.3094109,0.005585,649.9552372,2.74E-05
74,USD_MXN,19.3092,19.30186,19.3063525,0.00734,750.6811989,-0.0001584
75,USD_MXN,19.306835,19.30534,19.3059298,0.001495,989.9665552,-2.19E-05
76,USD_MXN,19.3085,19.30523,19.3066036,0.00327,3042.813456,3.49E-05
77,USD_MXN,19.307635,19.306045,19.3070208,0.00159,1194.968553,2.16E-05
78,USD_MXN,19.31175,19.302055,19.3068898,0.009695,1490.458999,-6.80E-06
79,USD_MXN,19.3075,19.298905,19.3064236,0.008595,209.4240838,-2.41E-05
80,USD_MXN,19.315825,19.306155,19.3076533,0.00967,538.7797311,6.37E-05
81,USD_MXN,19.30775,19.300745,19.3064298,0.007005,341.184868,-6.34E-05
82,USD_MXN,19.31473,19.301215,19.3074709,0.013515,281.90899,5.39E-05
83,USD_MXN,19.314465,19.306475,19.3083503,0.00799,244.0550688,4.55E-05
84,USD_MXN,19.3103,19.3029,19.3078509,0.0074,400,-2.59E-05
85,USD_MXN,19.30875,19.301815,19.3080376,0.006935,297.0439798,9.70E-06
86,USD_MXN,19.31451,19.302685,19.3086773,0.011825,316.2790698,3.31E-05
87,USD_MXN,19.31431,19.30773,19.3095767,0.00658,316.1094225,4.66E-05
88,USD_MXN,19.3133,19.30737,19.3092374,0.00593,519.3929174,-1.76E-05
89,USD_MXN,19.31073,19.30515,19.3091301,0.00558,449.8207885,-5.60E-06
90,USD_MXN,19.3118,19.3096,19.3108525,0.0022,490.9090909,8.92E-05
91,USD_MXN,19.315895,19.30963,19.3114542,0.006265,1289.704709,3.12E-05
92,USD_MXN,19.318045,19.3054,19.3119229,0.012645,260.1818901,2.43E-05
93,USD_MXN,19.31228,19.3071,19.3113792,0.00518,272.2007722,-2.82E-05
94,USD_MXN,19.31665,19.30385,19.3113325,0.0128,444.53125,-2.40E-06
95,USD_MXN,19.311485,19.30961,19.3106387,0.001875,288,-3.59E-05
96,USD_MXN,19.31436,19.30578,19.3086539,0.00858,1585.081585,-0.0001028
97,USD_MXN,19.3109,19.30272,19.3089293,0.00818,271.393643,1.43E-05
98,USD_MXN,19.3161,19.30595,19.3106832,0.01015,252.2167488,9.08E-05
99,USD_MXN,19.312575,19.30895,19.3108613,0.003625,289.6551724,9.20E-06
100,USD_MXN,19.3131,19.30679,19.311951,0.00631,1107.765452,5.64E-05
1,USD_PLN,4.5155685,4.513732,4.5146713,0.0018365,0,0
2,USD_PLN,4.51703,4.51404,4.5153536,0.00299,5555.183946,0.0001511
3,USD_PLN,4.5152885,4.5118555,4.5136291,0.003433,2609.962132,-0.0003819
4,USD_PLN,4.513919,4.511508,4.5126423,0.002411,2940.688511,-0.0002186
5,USD_PLN,4.5157395,4.5124375,4.5138696,0.003302,2834.645669,0.000272
6,USD_PLN,4.5164495,4.51422,4.5151548,0.0022295,2431.038349,0.0002847
7,USD_PLN,4.515914,4.512178,4.5140367,0.003736,2577.623126,-0.0002476
8,USD_PLN,4.5154805,4.511946,4.5135478,0.0035345,1629.650587,-0.0001083
9,USD_PLN,4.518421,4.5146185,4.5160382,0.0038025,1585.798817,0.0005518
10,USD_PLN,4.519023,4.5163845,4.5173072,0.0026385,2186.848588,0.000281
11,USD_PLN,4.5201265,4.5179355,4.5188733,0.002191,3468.735737,0.0003467
12,USD_PLN,4.5194405,4.5179985,4.5186686,0.001442,4431.345354,-4.53E-05
13,USD_PLN,4.5202795,4.51875,4.51966,0.0015295,7819.548872,0.0002194
14,USD_PLN,4.5213805,4.518989,4.519936,0.0023915,4842.149279,6.11E-05
15,USD_PLN,4.5205725,4.518715,4.5195317,0.0018575,4269.179004,-8.94E-05
16,USD_PLN,4.51993,4.51816,4.5191011,0.00177,6983.050847,-9.53E-05
17,USD_PLN,4.520838,4.518504,4.51974,0.002334,3676.092545,0.0001414
18,USD_PLN,4.521964,4.518039,4.5209343,0.003925,2501.910828,0.0002642
19,USD_PLN,4.5222865,4.5200405,4.5213819,0.002246,1985.752449,9.90E-05
20,USD_PLN,4.522889,4.521329,4.522039,0.00156,5192.307692,0.0001453
21,USD_PLN,4.523294,4.521039,4.5222666,0.002255,5920.177384,5.03E-05
22,USD_PLN,4.526942,4.522332,4.5246147,0.00461,2190.889371,0.0005192
23,USD_PLN,4.527159,4.5244575,4.5259372,0.0027015,1950.768092,0.0002923
24,USD_PLN,4.5273925,4.5252685,4.5261752,0.002124,3549.905838,5.26E-05
25,USD_PLN,4.527258,4.5248755,4.5259725,0.0023825,4100.734523,-4.48E-05
26,USD_PLN,4.528825,4.5252215,4.5270177,0.0036035,2159.012072,0.0002309
27,USD_PLN,4.5297045,4.5266465,4.5282603,0.003058,1752.779595,0.0002745
28,USD_PLN,4.5284225,4.52674,4.5274505,0.0016825,2371.471025,-0.0001788
29,USD_PLN,4.529626,4.527,4.5279092,0.002626,4089.870526,0.0001013
30,USD_PLN,4.528678,4.5262535,4.527637,0.0024245,2338.626521,-6.01E-05
31,USD_PLN,4.5284935,4.526009,4.527351,0.0024845,2519.621654,-6.32E-05
32,USD_PLN,4.5273235,4.5253155,4.5261056,0.002008,2734.063745,-0.0002751
33,USD_PLN,4.52682,4.524665,4.5252992,0.002155,2904.87239,-0.0001782
34,USD_PLN,4.528961,4.52521,4.5264107,0.003751,2266.062383,0.0002456
35,USD_PLN,4.5292,4.5267285,4.5277845,0.0024715,1966.417156,0.0003035
36,USD_PLN,4.5302355,4.5274325,4.5287839,0.002803,1794.505887,0.0002207
37,USD_PLN,4.530034,4.52806,4.5292156,0.001974,3186.423506,9.53E-05
38,USD_PLN,4.530677,4.52875,4.529904,0.001927,6341.463415,0.000152
39,USD_PLN,4.5305065,4.528612,4.5297595,0.0018945,7637.899182,-3.19E-05
40,USD_PLN,4.530155,4.5282195,4.5295229,0.0019355,5698.785843,-5.22E-05
41,USD_PLN,4.52995,4.527695,4.528842,0.002255,3219.512195,-0.0001503
42,USD_PLN,4.529893,4.527615,4.5286646,0.002278,3977.172959,-3.92E-05
43,USD_PLN,4.5298,4.5281575,4.5292373,0.0016425,4347.031963,0.0001265
44,USD_PLN,4.530015,4.528357,4.5292278,0.001658,7997.587455,-2.10E-06
45,USD_PLN,4.5299765,4.5279645,4.5289153,0.002012,4870.775348,-6.90E-05
46,USD_PLN,4.5310975,4.52855,4.5295911,0.0025475,3733.071639,0.0001492
47,USD_PLN,4.530351,4.528065,4.5297143,0.002286,2655.293088,2.72E-05
48,USD_PLN,4.5310885,4.5287665,4.5302083,0.002322,2816.537468,0.0001091
49,USD_PLN,4.531264,4.529395,4.5302451,0.001869,3424.291065,8.10E-06
50,USD_PLN,4.5307285,4.528644,4.5295281,0.0020845,4543.055889,-0.0001583
51,USD_PLN,4.531387,4.52903,4.5301999,0.002357,3826.8986,0.0001483
52,USD_PLN,4.5317435,4.529155,4.530311,0.0025885,2970.832528,2.45E-05
53,USD_PLN,4.531568,4.5272965,4.5302391,0.0042715,1554.489055,-1.59E-05
54,USD_PLN,4.5315085,4.5291725,4.5308215,0.002336,1660.958904,0.0001286
55,USD_PLN,4.5320305,4.5297655,4.5310706,0.002265,2525.386313,5.50E-05
56,USD_PLN,4.533363,4.530683,4.5317057,0.00268,1485.074627,0.0001402
57,USD_PLN,4.535236,4.531152,4.5337517,0.004084,1829.089128,0.0004515
58,USD_PLN,4.534745,4.529085,4.5316432,0.00566,1459.363958,-0.0004651
59,USD_PLN,4.5321415,4.5295315,4.5309329,0.00261,1145.59387,-0.0001567
60,USD_PLN,4.531082,4.5282745,4.5294553,0.0028075,2856.634016,-0.0003261
61,USD_PLN,4.530221,4.527467,4.5291812,0.002754,2534.49528,-6.05E-05
62,USD_PLN,4.530389,4.5283875,4.5293557,0.0020015,2658.006495,3.85E-05
63,USD_PLN,4.5320115,4.5281535,4.5301078,0.003858,3882.84085,0.0001661
64,USD_PLN,4.531818,4.5297045,4.5306578,0.0021135,1726.993139,0.0001214
65,USD_PLN,4.531354,4.529369,4.5303681,0.001985,3612.09068,-6.39E-05
66,USD_PLN,4.531517,4.529105,4.5300712,0.002412,3213.101161,-6.55E-05
67,USD_PLN,4.53145,4.5292455,4.5300591,0.0022045,3696.983443,-2.70E-06
68,USD_PLN,4.5326655,4.5303835,4.5312961,0.002282,2607.361963,0.0002731
69,USD_PLN,4.532025,4.530277,4.5312826,0.001748,2917.620137,-3.00E-06
70,USD_PLN,4.531983,4.530253,4.5311591,0.00173,4554.913295,-2.73E-05
71,USD_PLN,4.533482,4.5300535,4.5314419,0.0034285,2875.893248,6.24E-05
72,USD_PLN,4.5332135,4.5260805,4.5312301,0.007133,1491.658489,-4.67E-05
73,USD_PLN,4.53142,4.5290935,4.5304166,0.0023265,803.7825059,-0.0001795
74,USD_PLN,4.531741,4.529756,4.5307514,0.001985,2680.100756,7.39E-05
75,USD_PLN,4.5313955,4.528911,4.5298966,0.0024845,3393.036828,-0.0001887
76,USD_PLN,4.530901,4.528681,4.5298281,0.00222,2972.972973,-1.51E-05
77,USD_PLN,4.5307915,4.528981,4.5299648,0.0018105,3159.348246,3.02E-05
78,USD_PLN,4.5306715,4.528942,4.5297373,0.0017295,3544.376988,-5.02E-05
79,USD_PLN,4.5308135,4.5282675,4.5294974,0.002546,3205.027494,-5.30E-05
80,USD_PLN,4.530655,4.528171,4.5292963,0.002484,2367.149758,-4.44E-05
81,USD_PLN,4.5303485,4.528681,4.5294611,0.0016675,2536.731634,3.64E-05
82,USD_PLN,4.53062,4.528691,4.5295541,0.001929,5370.658372,2.05E-05
83,USD_PLN,4.531208,4.528524,4.5298839,0.002684,3006.706408,7.28E-05
84,USD_PLN,4.5316715,4.52976,4.5305297,0.0019115,2453.570494,0.0001426
85,USD_PLN,4.5314215,4.529312,4.5304279,0.0021095,3389.428775,-2.25E-05
86,USD_PLN,4.5311095,4.529557,4.530278,0.0015525,3407.407407,-3.31E-05
87,USD_PLN,4.531469,4.5292155,4.5303531,0.0022535,4757.044597,1.66E-05
88,USD_PLN,4.530914,4.528894,4.5299879,0.00202,3549.50495,-8.06E-05
89,USD_PLN,4.5315145,4.5291285,4.5301929,0.002386,3554.065381,4.53E-05
90,USD_PLN,4.5314175,4.5296535,4.5303444,0.001764,3735.827664,3.34E-05
91,USD_PLN,4.531155,4.529032,4.529888,0.002123,3575.129534,-0.0001007
92,USD_PLN,4.52995,4.527132,4.5283517,0.002818,2466.288148,-0.0003391
93,USD_PLN,4.529075,4.5268565,4.5281084,0.0022185,2763.12824,-5.37E-05
94,USD_PLN,4.529688,4.5273495,4.5284099,0.0023385,3228.56532,6.66E-05
95,USD_PLN,4.528971,4.526499,4.5276342,0.002472,2779.126214,-0.0001713
96,USD_PLN,4.5281125,4.5260955,4.5268811,0.002017,3564.70005,-0.0001663
97,USD_PLN,4.527912,4.5260565,4.5268389,0.0018555,4279.170035,-9.30E-06
98,USD_PLN,4.5285115,4.5265615,4.5274793,0.00195,3584.615385,0.0001415
99,USD_PLN,4.5281305,4.5263055,4.5272745,0.001825,3320.547945,-4.52E-05
100,USD_PLN,4.529112,4.5271535,4.5279095,0.0019585,3921.368394,0.0001403